id,title,description,price,image_link,link,availability,category,brand
pestanas-1,Pestañas Magnéticas MOODSTRUCK,"Pestañas Magnéticas MOODSTRUCK - Pestañas postizas de alta calidad que se adhieren magnéticamente",39.00,https://anitapinturitas.es/assets/maquillaje-ojos-pestañas1.jpg,https://www.youniqueproducts.com/anitapinturitas/products/view/US-21105-00#.ZC8P4HZBxD8,in stock,Maquillaje Ojos Pestañas,MOODSTRUCK
mascara-1,Máscara de Pestañas Twisted MOODSTRUCK EPIC,"Máscara de Pestañas Twisted MOODSTRUCK EPIC - Proporciona volumen y longitud a tus pestañas",34.00,https://anitapinturitas.es/assets/maquillaje-ojos-pestañas2.jpg,https://www.youniqueproducts.com/anitapinturitas/products/view/US-11102-13#.ZC8QA3ZBxD8,in stock,Maquillaje Ojos Pestañas,MOODSTRUCK EPIC
prebase-1,Prebase de Pestañas MOODSTRUCK EPIC,"Prebase de Pestañas MOODSTRUCK EPIC - Prepara tus pestañas para un look más voluminoso",31.00,https://anitapinturitas.es/assets/maquillaje-ojos-pestañas3.jpg,https://www.youniqueproducts.com/anitapinturitas/products/view/US-11102-08#.ZC8QRnZBxD8,in stock,Maquillaje Ojos Pestañas,MOODSTRUCK EPIC
mascara-2,Máscara de Pestañas MOODSTRUCK EPIC 4D,"Máscara de Pestañas MOODSTRUCK EPIC 4D de un solo paso - Volumen y longitud en un solo paso",36.00,https://anitapinturitas.es/assets/maquillaje-ojos-pestañas4.jpg,https://www.youniqueproducts.com/anitapinturitas/products/view/US-11102-09#.ZC8QV3ZBxD8,in stock,Maquillaje Ojos Pestañas,MOODSTRUCK EPIC
mascara-3,Máscara de Pestañas MOODSTRUCK EPIC,"Máscara de Pestañas MOODSTRUCK EPIC - Volumen y longitud profesional",32.00,https://anitapinturitas.es/assets/maquillaje-ojos-pestañas5.jpg,https://www.youniqueproducts.com/anitapinturitas/products/view/US-21102-00#.ZC8QqXZBxD8,in stock,Maquillaje Ojos Pestañas,MOODSTRUCK EPIC
serum-1,Sérum de Pestañas MOODSTRUCK ESTEEM,"Sérum de Pestañas MOODSTRUCK ESTEEM - Nutre y fortalece tus pestañas naturales",31.00,https://anitapinturitas.es/assets/maquillaje-ojos-pestañas6.jpg,https://www.youniqueproducts.com/anitapinturitas/products/view/US-11103-01#.ZC8QwXZBxD8,in stock,Maquillaje Ojos Pestañas,MOODSTRUCK ESTEEM
tubing-1,Tubing Máscara y Prebase con Sérum 4 en 1 YOUNIQUE QUADRA,"Tubing Máscara y Prebase con Sérum 4 en 1 YOUNIQUE QUADRA - Sistema completo para pestañas",60.00,https://anitapinturitas.es/assets/maquillaje-ojos-pestañas7.jpg,https://www.youniqueproducts.com/anitapinturitas/products/view/US-11106-01,in stock,Maquillaje Ojos Pestañas,YOUNIQUE QUADRA
cejas-1,Lápiz para Esculpir Cejas MOODSTRUCKC,"Lápiz para Esculpir Cejas MOODSTRUCKC - Define y da forma a tus cejas",27.00,https://anitapinturitas.es/assets/maquillaje-ojos-cejas1.jpg,https://www.youniqueproducts.com/anitapinturitas/products/view/US-62103-00#.ZC8RanZBxD8,in stock,Maquillaje Ojos Cejas,MOODSTRUCKC
cejas-2,Paleta de Cejas Duo MOODSTRUCK,"Paleta de Cejas Duo MOODSTRUCK - Dos tonos para un look natural",42.00,https://anitapinturitas.es/assets/maquillaje-ojos-cejas2.jpg,https://www.youniqueproducts.com/anitapinturitas/products/view/US-82103-00#.ZC8RhXZBxD8,in stock,Maquillaje Ojos Cejas,MOODSTRUCK
cejas-3,Relleno del Delineador en Polvo para Cejas MOODSTRUCK,"Relleno del Delineador en Polvo para Cejas MOODSTRUCK - Relleno natural para cejas",17.00,https://anitapinturitas.es/assets/maquillaje-ojos-cejas3.jpg,https://www.youniqueproducts.com/anitapinturitas/products/view/US-72103-00#.ZC8RlnZBxD8,in stock,Maquillaje Ojos Cejas,MOODSTRUCK
cejas-4,Delineador de Cejas MOODSTRUCK PRECISION,"Delineador de Cejas MOODSTRUCK PRECISION - Precisión profesional para tus cejas",23.00,https://anitapinturitas.es/assets/maquillaje-ojos-cejas4.jpg,https://www.youniqueproducts.com/anitapinturitas/products/view/US-22103-00#.ZC8Rp3ZBxD8,in stock,Maquillaje Ojos Cejas,MOODSTRUCK PRECISION
cejas-5,Set de 2 Delineadores para Cejas MOODSTRUCK PRECISION,"Set de 2 Delineadores para Cejas MOODSTRUCK PRECISION - Kit completo para cejas",42.00,https://anitapinturitas.es/assets/maquillaje-ojos-cejas5.jpg,https://www.youniqueproducts.com/anitapinturitas/products/view/US-32103-05#.ZC8Ru3ZBxD8,in stock,Maquillaje Ojos Cejas,MOODSTRUCK PRECISION
delineador-1,Delineador de Ojos Líquido MOODSTRUCK PRECISION,"Delineador de Ojos Líquido MOODSTRUCK PRECISION - Perfect - Precisión profesional",25.00,https://anitapinturitas.es/assets/delineadorOjos1.jpg,https://www.youniqueproducts.com/anitapinturitas/products/view/US-12112-01#.ZC8R1nZBxD8,in stock,Maquillaje Ojos Delineador,MOODSTRUCK PRECISION
delineador-2,Delineador Magnético de Ojos MOODSTRUCK,"Delineador Magnético de Ojos MOODSTRUCK - Fácil aplicación y larga duración",42.00,https://anitapinturitas.es/assets/delineadorOjos2.jpg,https://www.youniqueproducts.com/anitapinturitas/products/view/US-11105-04#.ZC8R8XZBxD8,in stock,Maquillaje Ojos Delineador,MOODSTRUCK
delineador-3,Delineador de Ojos Líquido Ultrafino DIP & DRAW,"Delineador de Ojos Líquido Ultrafino DIP & DRAW - Precisión y control",26.00,https://anitapinturitas.es/assets/delineadorOjos3.jpg,https://www.youniqueproducts.com/anitapinturitas/products/view/US-22107-00#.ZC8SAHZBxD8,in stock,Maquillaje Ojos Delineador,DIP & DRAW
delineador-4,Lápiz Delineador de Ojos MOODSTRUCK PRECISION,"Lápiz Delineador de Ojos MOODSTRUCK PRECISION - Fácil aplicación",11.90,https://anitapinturitas.es/assets/delineadorOjos4.jpg,https://www.youniqueproducts.com/anitapinturitas/products/view/US-22102-00#.ZC8SD3ZBxD8,in stock,Maquillaje Ojos Delineador,MOODSTRUCK PRECISION
sombra-1,Sombra de Ojos en Barra MOODSTRUCK,"Sombra de Ojos en Barra MOODSTRUCK - Fácil aplicación y larga duración",33.00,https://anitapinturitas.es/assets/maquillaje-ojos-sombraDeOjos1.jpg,https://www.youniqueproducts.com/anitapinturitas/products/view/US-51020-00#.ZC8SM3ZBxD8,in stock,Maquillaje Ojos Sombra,MOODSTRUCK
sombra-2,Mini Paleta de Sombras de Ojos MOODSTRUCK,"Mini Paleta de Sombras de Ojos MOODSTRUCK - Colores versátiles",24.50,https://anitapinturitas.es/assets/maquillaje-ojos-sombraDeOjos2.jpg,https://www.youniqueproducts.com/anitapinturitas/products/view/US-81003-00#.ZC8SQnZBxD8,in stock,Maquillaje Ojos Sombra,MOODSTRUCK
sombra-3,Paleta de Sombras MOODSTRUCK ADDICTION,"Paleta de Sombras MOODSTRUCK ADDICTION - Colores intensos y pigmentados",37.80,https://anitapinturitas.es/assets/maquillaje-ojos-sombraDeOjos3.jpg,https://www.youniqueproducts.com/anitapinturitas/products/view/US-21003-00#.ZC8SUHZBxD8,in stock,Maquillaje Ojos Sombra,MOODSTRUCK ADDICTION
sombra-4,Paleta de Sombras de Ojos Compactas MOODSTRUCK BELOVED,"Paleta de Sombras de Ojos Compactas MOODSTRUCK BELOVED Volumen 3 - Colores versátiles",39.90,https://anitapinturitas.es/assets/maquillaje-ojos-sombraDeOjos4.jpg,https://www.youniqueproducts.com/anitapinturitas/products/view/US-11010-05#.ZC8SYnZBxD8,in stock,Maquillaje Ojos Sombra,MOODSTRUCK BELOVED
sombra-5,Sombra de Ojos Líquida MOODSTRUCK,"Sombra de Ojos Líquida MOODSTRUCK - Intenso y duradero",31.00,https://anitapinturitas.es/assets/maquillaje-ojos-sombraDeOjos5.jpg,https://www.youniqueproducts.com/anitapinturitas/products/view/US-31014-00#.ZC8Sh3ZBxD8,in stock,Maquillaje Ojos Sombra,MOODSTRUCK
sombra-6,Paleta de Sombras MOODSTUCK Essential,"Paleta de Sombras MOODSTUCK Essential - Colores esenciales",44.00,https://anitapinturitas.es/assets/maquillaje-ojos-sombraDeOjos6.jpg,https://www.youniqueproducts.com/anitapinturitas/products/view/US-21022-00,in stock,Maquillaje Ojos Sombra,MOODSTUCK Essential
sombra-7,Paleta de Cuatro Sombras de Ojos Compactas MOODSTRUCK,"Paleta de Cuatro Sombras de Ojos Compactas MOODSTRUCK - Colores coordinados",63.00,https://anitapinturitas.es/assets/maquillaje-ojos-sombraDeOjos7.jpg,https://www.youniqueproducts.com/anitapinturitas/products/view/US-31009-02#.ZC8StHZBxD8,in stock,Maquillaje Ojos Sombra,MOODSTRUCK
sombra-8,Sombra Individual de Ojos Compacta MOODSTRUCK,"Sombra Individual de Ojos Compacta MOODSTRUCK - Color intenso",22.00,https://anitapinturitas.es/assets/maquillaje-ojos-sombraDeOjos8.jpg,https://www.youniqueproducts.com/anitapinturitas/products/view/US-31009-01#.ZC8SynZBxD8,in stock,Maquillaje Ojos Sombra,MOODSTRUCK
sombra-9,Relleno de Sombra de Ojos Compacta MOODSTRUCK,"Relleno de Sombra de Ojos Compacta MOODSTRUCK - Recambio económico",12.60,https://anitapinturitas.es/assets/maquillaje-ojos-sombraDeOjos9.jpg,https://www.youniqueproducts.com/anitapinturitas/products/view/US-21007-00#.ZC8S83ZBxD8,in stock,Maquillaje Ojos Sombra,MOODSTRUCK
sombra-10,Paleta para 25 Sombras YOUNIQUE,"Paleta para 25 Sombras YOUNIQUE - Organización profesional",31.00,https://anitapinturitas.es/assets/maquillaje-ojos-sombraDeOjos10.jpg,https://www.youniqueproducts.com/anitapinturitas/products/view/US-11009-04#.ZC8TCXZBxD8,in stock,Maquillaje Ojos Sombra,YOUNIQUE
sombra-11,Paleta Multiusos YOUNIQUE TOUCH,"Paleta Multiusos YOUNIQUE TOUCH - Versatilidad en colores",54.00,https://anitapinturitas.es/assets/maquillaje-ojos-sombraDeOjos11.jpg,https://www.youniqueproducts.com/anitapinturitas/products/view/US-41003-00#.ZC8TG3ZBxD8,in stock,Maquillaje Ojos Sombra,YOUNIQUE TOUCH
prebase-ojos-1,Prebase de Ojos MOODSTRUCK,"Prebase de Ojos MOODSTRUCK - Mejora la duración del maquillaje",30.00,https://anitapinturitas.es/assets/maquillaje-ojos-prebaseParaOjos.jpg,https://www.youniqueproducts.com/anitapinturitas/products/view/US-12002-02#.ZC8TSXZBxD8,in stock,Maquillaje Ojos Prebase,MOODSTRUCK
paletas-1,Paleta para 25 Sombras YOUNIQUE,"Paleta para 25 Sombras YOUNIQUE - Organización profesional",31.00,https://anitapinturitas.es/assets/maquillaje-ojos-paletas.jpg,https://www.youniqueproducts.com/anitapinturitas/products/view/US-11009-04,in stock,Maquillaje Ojos Paletas,YOUNIQUE
labios-1,Barra de Labios Mate de Larga Duración MOODSTRUCK SPLASH,"Barra de Labios Mate de Larga Duración MOODSTRUCK SPLASH - Color intenso y duradero",34.00,https://anitapinturitas.es/assets/maquillaje-labios-barras1.jpg,https://www.youniqueproducts.com/anitapinturitas/products/view/US-21814-00#.ZC8ToXZBxD8,in stock,Maquillaje Labios Barras,MOODSTRUCK SPLASH
labios-2,Barra de Labios Cremosa MOODSTRUCK OPULENCE,"Barra de Labios Cremosa MOODSTRUCK OPULENCE - Hidratación y color",31.00,https://anitapinturitas.es/assets/maquillaje-labios-barras2.jpg,https://www.youniqueproducts.com/anitapinturitas/products/view/US-51803-00#.ZC8T0HZBxD8,in stock,Maquillaje Labios Barras,MOODSTRUCK OPULENCE
labios-3,Barra de Labios Mate MOODSTRUCK OPULENCE,"Barra de Labios Mate MOODSTRUCK OPULENCE - Color mate intenso",31.00,https://anitapinturitas.es/assets/maquillaje-labios-barras3.jpg,https://www.youniqueproducts.com/anitapinturitas/products/view/US-11803-00#.ZC8T33ZBxD8,in stock,Maquillaje Labios Barras,MOODSTRUCK OPULENCE
brillo-1,Brillo de Labios LUCRATIVE,"Brillo de Labios LUCRATIVE - Brillo intenso",22.00,https://anitapinturitas.es/assets/maquillaje-labios-brillo1.jpg,https://www.youniqueproducts.com/anitapinturitas/products/view/US-11802-00#.ZC8UZXZBxD8,in stock,Maquillaje Labios Brillo,LUCRATIVE
brillo-2,Potenciador de Labios MOODSTRUCK HOTTIE,"Potenciador de Labios MOODSTRUCK HOTTIE - Efecto plumping",32.00,https://anitapinturitas.es/assets/maquillaje-labios-brillo2.jpg,https://www.youniqueproducts.com/anitapinturitas/products/view/US-11806-01#.ZC8UeXZBxD8,in stock,Maquillaje Labios Brillo,MOODSTRUCK HOTTIE
cuidado-labios-1,Bálsamo para Labios WEEKEND YOUNIQUE,"Bálsamo para Labios WEEKEND YOUNIQUE - Hidratación intensa",18.20,https://anitapinturitas.es/assets/maquillaje-labios-cuidado2.jpg,https://www.youniqueproducts.com/anitapinturitas/products/view/US-11812-13#.ZC8UvHZBxD8,in stock,Maquillaje Labios Cuidado,WEEKEND YOUNIQUE
cuidado-labios-2,Exfoliante Cremoso para Labios YOU·OLOGY,"Exfoliante Cremoso para Labios YOU·OLOGY - Exfoliación suave",31.00,https://anitapinturitas.es/assets/maquillaje-labios-cuidado3.jpg,https://www.youniqueproducts.com/anitapinturitas/products/view/US-16208-03#.ZC8UyHZBxD8,in stock,Maquillaje Labios Cuidado,YOU·OLOGY
cuidado-labios-3,Mascarilla de Labios YOU·OLOGY,"Mascarilla de Labios YOU·OLOGY - Tratamiento intensivo",31.00,https://anitapinturitas.es/assets/maquillaje-labios-cuidado4.jpeg,https://www.youniqueproducts.com/anitapinturitas/products/view/US-26207-00#.ZC8U3XZBxD8,in stock,Maquillaje Labios Cuidado,YOU·OLOGY
cuidado-labios-4,Paleta Multiusos YOUNIQUE TOUCH,"Paleta Multiusos YOUNIQUE TOUCH - Versatilidad en colores",54.00,https://anitapinturitas.es/assets/maquillaje-labios-cuidado5.jpg,https://www.youniqueproducts.com/anitapinturitas/products/view/US-41003-00#.ZC8U7HZBxD8,in stock,Maquillaje Labios Cuidado,YOUNIQUE TOUCH
cuidado-labios-5,Multibarra Labios y Mejillas BARE·YOU,"Multibarra Labios y Mejillas BARE·YOU - Doble uso",39.00,https://anitapinturitas.es/assets/maquillaje-labios-cuidado6.jpg,https://www.youniqueproducts.com/anitapinturitas/products/view/US-21606-00#.ZC8U_3ZBxD8,in stock,Maquillaje Labios Cuidado,BARE·YOU
delineador-labios-1,Lápiz Delineador de Labios MOODSTRUCK PRECISION,"Lápiz Delineador de Labios MOODSTRUCK PRECISION - Precisión profesional",23.00,https://anitapinturitas.es/assets/maquillaje-labios-delineador.jpg,https://www.youniqueproducts.com/anitapinturitas/products/view/US-22111-00#.ZC8VKHZBxD8,in stock,Maquillaje Labios Delineador,MOODSTRUCK PRECISION
base-1,Base de Maquillaje con Sérum YOUNIQUE TOUCH +,"Base de Maquillaje con Sérum YOUNIQUE TOUCH + - Cobertura y cuidado",49.00,https://anitapinturitas.es/assets/maquillaje-rostro-bases1.jpg,https://www.youniqueproducts.com/anitapinturitas/products/view/US-21418-00#.ZC8WWHZBxD8,in stock,Maquillaje Rostro Bases,YOUNIQUE TOUCH
base-2,Base de Maquillaje en Polvo Compacto YOUNIQUE TOUCH,"Base de Maquillaje en Polvo Compacto YOUNIQUE TOUCH complexion+ - Cobertura natural",47.00,https://anitapinturitas.es/assets/maquillaje-rostro-bases2.jpg,https://www.youniqueproducts.com/anitapinturitas/products/view/US-11416-00#.ZC8WdXZBxD8,in stock,Maquillaje Rostro Bases,YOUNIQUE TOUCH
base-3,Base de Maquillaje en Spray YOUNIQUE TOUCH,"Base de Maquillaje en Spray YOUNIQUE TOUCH - Aplicación fácil",35.00,https://anitapinturitas.es/assets/maquillaje-rostro-bases3.jpg,https://www.youniqueproducts.com/anitapinturitas/products/view/US-21412-00#.ZC8WhXZBxD8,in stock,Maquillaje Rostro Bases,YOUNIQUE TOUCH
base-4,Base de Maquillaje en Barra YOUNIQUE TOUCH,"Base de Maquillaje en Barra YOUNIQUE TOUCH - Cobertura precisa",35.00,https://anitapinturitas.es/assets/maquillaje-rostro-bases4.jpg,https://www.youniqueproducts.com/anitapinturitas/products/view/US-21410-00#.ZC8WpHZBxD8,in stock,Maquillaje Rostro Bases,YOUNIQUE TOUCH
iluminador-1,Iluminador Metalizado YOUNIQUE TOUCH,"Iluminador Metalizado YOUNIQUE TOUCH - Brillo natural",37.00,https://anitapinturitas.es/assets/maquillaje-rostro-iluminacion.jpg,https://www.youniqueproducts.com/anitapinturitas/products/view/US-17009-00#.ZC8WynZBxD8,in stock,Maquillaje Rostro Iluminación,YOUNIQUE TOUCH
iluminador-2,Paleta Multiusos YOUNIQUE TOUCH,"Paleta Multiusos YOUNIQUE TOUCH - Versatilidad en colores",54.00,https://anitapinturitas.es/assets/maquillaje-rostro-iluminacion2.jpg,https://www.youniqueproducts.com/anitapinturitas/products/view/US-41003-00#.ZC8W1nZBxD8,in stock,Maquillaje Rostro Iluminación,YOUNIQUE TOUCH
prebase-1,Prebase Mate para Rostro TOUCH GLORIOUS,"Prebase Mate para Rostro TOUCH GLORIOUS - Control de brillo",43.00,https://anitapinturitas.es/assets/maquillaje-rostro-prebase1.jpg,https://www.youniqueproducts.com/anitapinturitas/products/view/US-12001-06#.ZC8XGXZBxD8,in stock,Maquillaje Rostro Prebase,TOUCH GLORIOUS
prebase-2,Prebase Iluminadora BARE·YOU YOUNIQUE,"Prebase Iluminadora BARE·YOU YOUNIQUE - Brillo natural",45.00,https://anitapinturitas.es/assets/maquillaje-rostro-prebase2.jpg,https://www.youniqueproducts.com/anitapinturitas/products/view/US-11607-01,in stock,Maquillaje Rostro Prebase,BARE·YOU YOUNIQUE
prebase-3,Polvo Fijador TOUCH BEHOLD,"Polvo Fijador TOUCH BEHOLD - Fijación profesional",47.00,https://anitapinturitas.es/assets/maquillaje-rostro-prebase3.jpg,https://www.youniqueproducts.com/anitapinturitas/products/view/US-17005-02,in stock,Maquillaje Rostro Prebase,TOUCH BEHOLD
prebase-4,Prebase y Fijador en Spray TOUCH BEHOLD,"Prebase y Fijador en Spray TOUCH BEHOLD - Doble acción",47.00,https://anitapinturitas.es/assets/maquillaje-rostro-prebase4.jpg,https://www.youniqueproducts.com/anitapinturitas/products/view/US-17004-02,in stock,Maquillaje Rostro Prebase,TOUCH BEHOLD
bronceador-1,Multibarra Labios y Mejillas BARE·YOU YOUNIQUE,"Multibarra Labios y Mejillas BARE·YOU YOUNIQUE - Doble uso",39.00,https://anitapinturitas.es/assets/maquillaje-rostro-bronceador1.jpg,https://www.youniqueproducts.com/anitapinturitas/products/view/US-21606-00#.ZC8XUnZBxD8,in stock,Maquillaje Rostro Bronceador,BARE·YOU YOUNIQUE
bronceador-2,Bronceador Mate YOUNIQUE TOUCH,"Bronceador Mate YOUNIQUE TOUCH - Color natural",25.90,https://anitapinturitas.es/assets/maquillaje-rostro-bronceador2.jpg,https://www.youniqueproducts.com/anitapinturitas/products/view/US-12405-00#.ZC8XYnZBxD8,in stock,Maquillaje Rostro Bronceador,YOUNIQUE TOUCH
bronceador-3,Paleta Multiusos YOUNIQUE TOUCH,"Paleta Multiusos YOUNIQUE TOUCH - Versatilidad en colores",54.00,https://anitapinturitas.es/assets/maquillaje-rostro-prebase3.jpg,https://www.youniqueproducts.com/anitapinturitas/products/view/US-41003-00#.ZC8XbnZBxD8,in stock,Maquillaje Rostro Bronceador,YOUNIQUE TOUCH
bronceador-4,Rubor/Colorete en Polvo Compacto MOODSTRUCK,"Rubor/Colorete en Polvo Compacto MOODSTRUCK - Color natural",20.30,https://anitapinturitas.es/assets/maquillaje-rostro-bronceador4.jpg,https://www.youniqueproducts.com/anitapinturitas/products/view/US-31301-00#.ZC8XeXZBxD8,in stock,Maquillaje Rostro Bronceador,MOODSTRUCK
corrector-1,Corrector Skin Solution YOUNIQUE TOUCH,"Corrector Skin Solution YOUNIQUE TOUCH - Cobertura profesional",36.00,https://anitapinturitas.es/assets/maquillaje-rostro-correctores.jpg,https://www.youniqueproducts.com/anitapinturitas/products/view/US-21414-00#.ZC8XvnZBxD8,in stock,Maquillaje Rostro Corrector,YOUNIQUE TOUCH
cuidado-1,Mascarilla Revitalizante YOU·NIVERSAL,"Mascarilla Revitalizante YOU·NIVERSAL - Tratamiento intensivo",60.00,https://anitapinturitas.es/assets/cuidadoDeLaPiel-1.jpg,https://www.youniqueproducts.com/anitapinturitas/products/view/US-16208-01#UPGRADE-HIDDEN,in stock,Cuidado de la Piel,YOU·NIVERSAL
cuidado-2,Tratamiento de 7 días de Vitamina C YOU·OLOGY,"Tratamiento de 7 días de Vitamina C YOU·OLOGY - Tratamiento intensivo",57.00,https://anitapinturitas.es/assets/cuidadoDeLaPiel-2.jpg,https://www.youniqueproducts.com/anitapinturitas/products/view/US-16405-03#UPGRADE-HIDDEN,in stock,Cuidado de la Piel,YOU·OLOGY
cuidado-3,Aplicador de Crema de Ojos YOUNIQUE,"Aplicador de Crema de Ojos YOUNIQUE - Aplicación precisa",20.00,https://anitapinturitas.es/assets/cuidadoDeLaPiel-3.jpg,https://www.youniqueproducts.com/anitapinturitas/products/view/US-16204-16#UPGRADE-HIDDEN,in stock,Cuidado de la Piel,YOUNIQUE
cuidado-4,Mascarilla Hidratante de Noche YOU·NIVERSAL,"Mascarilla Hidratante de Noche YOU·NIVERSAL - Hidratación nocturna",60.00,https://anitapinturitas.es/assets/cuidadoDeLaPiel-4.jpg,https://www.youniqueproducts.com/anitapinturitas/products/view/US-66204-02,in stock,Cuidado de la Piel,YOU·NIVERSAL
cuidado-5,Mascarilla de Ojos YOU·OLOGY,"Mascarilla de Ojos YOU·OLOGY – 30 pares - Tratamiento intensivo",57.00,https://anitapinturitas.es/assets/cuidadoDeLaPiel-5.jpg,https://www.youniqueproducts.com/anitapinturitas/products/view/US-16204-16#UPGRADE-HIDDEN,in stock,Cuidado de la Piel,YOU·OLOGY
cuidado-6,Sérum de Belleza UPLIFT YOU·OLOGY,"Sérum de Belleza UPLIFT YOU·OLOGY - Tratamiento anti-edad",86.00,https://anitapinturitas.es/assets/cuidadoDeLaPiel-6.jpg,https://www.youniqueproducts.com/anitapinturitas/products/view/US-53021-03#.ZD7MEnZBxD8,in stock,Cuidado de la Piel,YOU·OLOGY
cuidado-7,Mascarilla Cremosa de Arcilla y Carbón YOU·NIVERSAL,"Mascarilla Cremosa de Arcilla y Carbón YOU·NIVERSAL - Limpieza profunda",60.00,https://anitapinturitas.es/assets/cuidadoDeLaPiel-7.jpg,https://www.youniqueproducts.com/anitapinturitas/products/view/US-36204-01#UPGRADE-HIDDEN,in stock,Cuidado de la Piel,YOU·NIVERSAL
cuidado-8,Mascarilla Refrescante de Bio-celulosa YOU·OLOGY,"Mascarilla Refrescante de Bio-celulosa YOU·OLOGY – 4 unidades - Hidratación intensiva",57.00,https://anitapinturitas.es/assets/cuidadoDeLaPiel-8.jpg,https://www.youniqueproducts.com/anitapinturitas/products/view/US-36204-02#UPGRADE-HIDDEN,in stock,Cuidado de la Piel,YOU·OLOGY
cuidado-9,Exfoliante Cremoso para Labios YOU·OLOGY,"Exfoliante Cremoso para Labios YOU·OLOGY - Exfoliación suave",31.00,https://anitapinturitas.es/assets/cuidadoDeLaPiel-9.jpg,https://www.youniqueproducts.com/anitapinturitas/products/view/US-16204-16#UPGRADE-HIDDEN,in stock,Cuidado de la Piel,YOU·OLOGY
cuidado-10,GLOWPLEXION full product collection,"GLOWPLEXION full product collection - Colección completa",169.00,https://anitapinturitas.es/assets/cuidadoDeLaPiel-10,https://www.youniqueproducts.com/anitapinturitas/products/view/US-53021-03#.ZD7MEnZBxD8,in stock,Cuidado de la Piel,GLOWPLEXION
cuidado-11,Tratamiento de 7 días de Vitamina C YOU·OLOGY,"Tratamiento de 7 días de Vitamina C YOU·OLOGY - Tratamiento intensivo",57.00,https://anitapinturitas.es/assets/cuidadoDeLaPiel-11.jpg,https://www.youniqueproducts.com/anitapinturitas/products/view/US-36204-01#UPGRADE-HIDDEN,in stock,Cuidado de la Piel,YOU·OLOGY
cuidado-12,Mascarilla de Labios YOU·OLOGY,"Mascarilla de Labios YOU·OLOGY - Tratamiento intensivo",31.00,https://anitapinturitas.es/assets/cuidadoDeLaPiel-12.jpg,https://www.youniqueproducts.com/anitapinturitas/products/view/US-36204-02#UPGRADE-HIDDEN,in stock,Cuidado de la Piel,YOU·OLOGY
cuidado-13,YOUNIQUE GLOWPLEXION cleanser,"YOUNIQUE GLOWPLEXION cleanser - Limpieza profunda",52.00,https://anitapinturitas.es/assets/cuidadoDeLaPiel-13,https://www.youniqueproducts.com/anitapinturitas/products/view/US-16204-16#UPGRADE-HIDDEN,in stock,Cuidado de la Piel,GLOWPLEXION
cuidado-14,Mascarilla de Ojos YOU·OLOGY,"Mascarilla de Ojos YOU·OLOGY – 30 pares - Tratamiento intensivo",57.00,https://anitapinturitas.es/assets/cuidadoDeLaPiel-14.jpg,https://www.youniqueproducts.com/anitapinturitas/products/view/US-53021-03#.ZD7MEnZBxD8,in stock,Cuidado de la Piel,YOU·OLOGY
cuidado-15,Bálsamo de Limpieza Facial YOU·OLOGY,"Bálsamo de Limpieza Facial YOU·OLOGY - Limpieza suave",57.00,https://anitapinturitas.es/assets/cuidadoDeLaPiel-15.jpg,https://www.youniqueproducts.com/anitapinturitas/products/view/US-36204-01#UPGRADE-HIDDEN,in stock,Cuidado de la Piel,YOU·OLOGY
cuidado-16,YOUNIQUE GLOWPLEXION serum,"YOUNIQUE GLOWPLEXION serum - Tratamiento intensivo",87.00,https://anitapinturitas.es/assets/cuidadoDeLaPiel-16,https://www.youniqueproducts.com/anitapinturitas/products/view/US-36204-02#UPGRADE-HIDDEN,in stock,Cuidado de la Piel,GLOWPLEXION
cuidado-17,Desmaquillante Líquido YOU·OLOGY,"Desmaquillante Líquido YOU·OLOGY - Limpieza efectiva",33.00,https://anitapinturitas.es/assets/cuidadoDeLaPiel-17.jpg,https://www.youniqueproducts.com/anitapinturitas/products/view/US-16204-16#UPGRADE-HIDDEN,in stock,Cuidado de la Piel,YOU·OLOGY
cuidado-18,Toallitas Desmaquillantes YOU·OLOGY,"Toallitas Desmaquillantes YOU·OLOGY - Limpieza rápida",25.00,https://anitapinturitas.es/assets/cuidadoDeLaPiel-18.jpg,https://www.youniqueproducts.com/anitapinturitas/products/view/US-53021-03#.ZD7MEnZBxD8,in stock,Cuidado de la Piel,YOU·OLOGY
cuidado-19,YOUNIQUE GLOWPLEXION moisturizer,"YOUNIQUE GLOWPLEXION moisturizer - Hidratación intensiva",74.00,https://anitapinturitas.es/assets/cuidadoDeLaPiel-19,https://www.youniqueproducts.com/anitapinturitas/products/view/US-36204-01#UPGRADE-HIDDEN,in stock,Cuidado de la Piel,GLOWPLEXION
cuidado-20,Sérum Iluminador YOU·OLOGY,"Sérum Iluminador YOU·OLOGY - Brillo natural",44.50,https://anitapinturitas.es/assets/cuidadoDeLaPiel-20,https://www.youniqueproducts.com/anitapinturitas/products/view/US-36204-02#UPGRADE-HIDDEN,in stock,Cuidado de la Piel,YOU·OLOGY
cuidado-21,Agua de Rosas Tonificante en Spray YOU·OLOGY,"Agua de Rosas Tonificante en Spray YOU·OLOGY - Tónico refrescante",36.00,https://anitapinturitas.es/assets/cuidadoDeLaPiel-21,https://www.youniqueproducts.com/anitapinturitas/products/view/US-16204-16#UPGRADE-HIDDEN,in stock,Cuidado de la Piel,YOU·OLOGY
cuidado-22,Mascarilla Refrescante de Bio-celulosa YOU·OLOGY,"Mascarilla Refrescante de Bio-celulosa YOU·OLOGY – 8 unidades - Hidratación intensiva",99.00,https://anitapinturitas.es/assets/cuidadoDeLaPiel-22,https://www.youniqueproducts.com/anitapinturitas/products/view/US-53021-03#.ZD7MEnZBxD8,in stock,Cuidado de la Piel,YOU·OLOGY
cuidado-23,Crema de Ojos YOU·OLOGY,"Crema de Ojos YOU·OLOGY - Tratamiento anti-edad",69.00,https://anitapinturitas.es/assets/cuidadoDeLaPiel-23,https://www.youniqueproducts.com/anitapinturitas/products/view/US-36204-01#UPGRADE-HIDDEN,in stock,Cuidado de la Piel,YOU·OLOGY
cuidado-24,Limpiador YOUTHPLEXION,"Limpiador YOUTHPLEXION - Limpieza suave",52.00,https://anitapinturitas.es/assets/cuidadoDeLaPiel-24.jpg,https://www.youniqueproducts.com/anitapinturitas/products/view/US-17500-01,in stock,Cuidado de la Piel,YOUTHPLEXION
cuidado-25,Humectante para el Día YOUTHPLEXION,"Humectante para el Día YOUTHPLEXION - Hidratación diaria",43.00,https://anitapinturitas.es/assets/cuidadoDeLaPiel-25.jpg,https://www.youniqueproducts.com/anitapinturitas/products/view/US-17500-05,in stock,Cuidado de la Piel,YOUTHPLEXION
cuidado-26,Sérum de Noche YOUTHPLEXION,"Sérum de Noche YOUTHPLEXION - Tratamiento nocturno",75.00,https://anitapinturitas.es/assets/cuidadoDeLaPiel-26.jpg,https://www.youniqueproducts.com/anitapinturitas/products/view/US-17500-03,in stock,Cuidado de la Piel,YOUTHPLEXION
cuidado-27,Crema de Noche YOUTHPLEXION,"Crema de Noche YOUTHPLEXION - Hidratación nocturna",43.00,https://anitapinturitas.es/assets/cuidadoDeLaPiel-27.jpg,https://www.youniqueproducts.com/anitapinturitas/products/view/US-17500-07,in stock,Cuidado de la Piel,YOUTHPLEXION 