id,title,description,price,image_link,link,availability,condition,brand,product_type
prod_SdTAGVPaPAE5Wu0,VELO HYALURONIC REFRESH - 35ml.,"Velo facial formulado con activos botánicos, ácido hialurónico y niacinamida que ayudan a recuperar y calmar la piel después de la realización de tratamientos. Su composición rica en principios activos aporta una sensación de frescor e hidratación inmediata consiguiendo un aspecto de la piel más saludable y confortable.",13.00 EUR,https://anitapinturitas.es/assets/productos/cuidadoPiel/producto0.png,https://anitapinturitas.es/html/producto.html?id=prod_SdTAGVPaPAE5Wu0,in stock,new,Anita Pinturitas,Alta Cosmética
prod_SdTAGVPaPAE5Wu01,VELO HYALURONIC REFRESH - 35ml. (Caja 5 sobres),"Velo facial formulado con activos botánicos, ácido hialurónico y niacinamida que ayudan a recuperar y calmar la piel después de la realización de tratamientos. Su composición rica en principios activos aporta una sensación de frescor e hidratación inmediata consiguiendo un aspecto de la piel más saludable y confortable.",45.00 EUR,https://anitapinturitas.es/assets/productos/cuidadoPiel/producto01.png,https://anitapinturitas.es/html/producto.html?id=prod_SdTAGVPaPAE5Wu01,in stock,new,Anita Pinturitas,Alta Cosmética
prod_SdTAGVPaPAE5Wu,NUA GOLD (Crema facial) - 50 ml.,"Crema facial de día y noche para todo tipo de pieles. Aporta factores humectantes y nutrientes que fortalecen intensamente, con ácido hialurónico liposomal que actúa minimizando las líneas de expresión y de la edad. El oro, como oligoelemento, revitaliza la piel y le proporciona luminosidad a la par que la descongestiona. El silicio orgánico vigoriza la piel aportando energía y reforzando las células de la piel. Indicada para todo tipo de pieles.",61.00 EUR,https://anitapinturitas.es/assets/productos/cuidadoPiel/producto1.jpg,https://anitapinturitas.es/html/producto.html?id=prod_SdTAGVPaPAE5Wu,in stock,new,Anita Pinturitas,Alta Cosmética
prod_SdTImCUGKth7R9,PLATINUM ESPIRIT (Crema facial) - 50 ml.,"Desde las primeras aplicaciones, Platinum Espirit devuelve la vitalidad y energía intensamente a la piel que se vuelve mucho más confortable. Con los liposomas de vitamina C el rostro resplandece y se ilumina, aumentando la densidad de la piel y disminuyendo las marcas de la edad por expresión o gravedad. Los activos tensores de última generación, los liposomas de EGF y el colágeno aportan firmeza y tersura. Cubre las necesidades específicas tanto de las pieles jóvenes como maduras, rehidratando intensamente y aportando todos los nutrientes necesarios para mantener la piel siempre joven y tersa. Indicada para pieles secas.",61.00 EUR,https://anitapinturitas.es/assets/productos/cuidadoPiel/producto2.jpg,https://anitapinturitas.es/html/producto.html?id=prod_SdTImCUGKth7R9,in stock,new,Anita Pinturitas,Alta Cosmética
US-21106-03,PEARL ESPIRIT (Crema facial) - 50 ml.,"Crema facial compuesta con liposomas de arbutina, bakuchiol, vitamina C, polvo puro de perla, rosa mosqueta, aceite de onagra y activos blanqueantes para la piel. La vitamina C es un potente antioxidante que refuerza y previene el envejecimiento y pigmentación de la piel. El Polvo puro de Perla unifica la coloración de la piel proporcionando una suave exfoliación. Todos estos activos de última generación actúan en profundidad creando una piel firme y sedosa. Indicada para todo tipo de pieles.",61.00 EUR,https://anitapinturitas.es/assets/productos/cuidadoPiel/producto3.jpg,https://anitapinturitas.es/html/producto.html?id=US-21106-03,in stock,new,Anita Pinturitas,Alta Cosmética
US-21106-04,SERUM DE NOCHE - 15 ml.,"Fluido con activos altamente antioxidantes y restauradores. Durante la noche el retinol ayuda a las células a regenerarse, combatir las arrugas, las líneas de expresión y a minimizar el impacto de los radicales libres que destruyen las células y aceleran el proceso de envejecimiento. Su fórmula magistral lo convierte en el serum de noche más regenerante, potente y natural. El serum no debe ser un sustituto de las cremas sino más bien un complemento diario. Indicada para todo tipo de pieles.",31.00 EUR,https://anitapinturitas.es/assets/productos/cuidadoPiel/producto4.jpg,https://anitapinturitas.es/html/producto.html?id=US-21106-04,in stock,new,Anita Pinturitas,Alta Cosmética
US-21106-05,SERUM DÍA DE ORO Y ÁCIDO HIALURÓNICO - 100 ml.,"Serum fluido de día, con alta concentración de principios activos y absorción rápida. Combate los signos del cansancio, proporciona vitalidad y luminosidad a la piel con resultados inmediatos y visibles. El Serum no debe ser un sustituto de las cremas sino más bien un complemento diario. Indicada para todo tipo de pieles.",35.00 EUR,https://anitapinturitas.es/assets/productos/cuidadoPiel/producto5.jpg,https://anitapinturitas.es/html/producto.html?id=US-21106-05,in stock,new,Anita Pinturitas,Alta Cosmética
US-21106-06,VELO DE COLÁGENO Y CAVIAR - 100 ml.,Las propiedades del velo de colágeno vegetal y caviar son estimular la regeneración celular y proporcionar aminoácidos que impulsan la creación de colágeno y elastina fundamentales para el crecimiento celular. Posee factores hidratantes y reafirmantes que preparan la piel para la aplicación de la crema caviar essence o platinum espirit,33.00 EUR,https://anitapinturitas.es/assets/productos/cuidadoPiel/producto6.jpg,https://anitapinturitas.es/html/producto.html?id=US-21106-06,in stock,new,Anita Pinturitas,Alta Cosmética
US-21106-07,DOBLE SERUM ESPIRIT - 15 ml.,"Compuesto por principios activos vegetales de última generación. De uso externo, trata las arrugas de expresión y fisiológicas con efecto acumulativo. Los fantásticos resultados aparecen a partir de las 2 horas del tratamiento inicial. Es aconsejable a continuación del Doble Serum Espirit aplicar la crema facial Platinum Espirit. Indicado para todo tipo de pieles.",31.00 EUR,https://anitapinturitas.es/assets/productos/cuidadoPiel/producto7.jpg,https://anitapinturitas.es/html/producto.html?id=US-21106-07,in stock,new,Anita Pinturitas,Alta Cosmética
US-21106-08,RELLENADOR NATURAL 15 ml.,"Tratamiento específico para las arrugas con activos biotecnológicos altamente eficaces que trabajan conjuntamente para reducir la apariencia de las arrugas y líneas de expresión. Formulado con liposomas de ácido hialurónico de bajo peso molecular, bakuchiol, complejo de proteínas vegetales y silicio orgánico.",29.00 EUR,https://anitapinturitas.es/assets/productos/cuidadoPiel/producto8.png,https://anitapinturitas.es/html/producto.html?id=US-21106-08,in stock,new,Anita Pinturitas,Alta Cosmética
US-21106-09,SUERO TENSOR - Ampolla 2 ml. (10 unidades),"Ampollas intensivas con doble efecto tensor, inmediato y prolongado. Formuladas con activos reafirmantes, revitalizantes y redensificantes, que rejuvenecen la apariencia del rostro. Actúan promoviendo la síntesis de elastina y colágeno, ayudando a recuperar la fuerza, tensión y luminosidad perdidas con el tiempo y a eliminar las líneas de expresión y signos de cansancio. Contiene glicosaminoglicanos, vitamina C, ácido hialurónico, silicio orgánico y extractos biotecnológicos de origen vegetal.",33.00 EUR,https://anitapinturitas.es/assets/productos/cuidadoPiel/producto9.jpg,https://anitapinturitas.es/html/producto.html?id=US-21106-09,in stock,new,Anita Pinturitas,Alta Cosmética
US-21106-10,VITAMIN C - Ampolla 2 ml. (10 unidades),"Mediante “biotecnología vegetal con doble recubrimiento” conseguimos que la vitamina C penetre en las capas más profundas liberándose por fases de forma pura y estable, potenciando la acción antioxidante, regeneradora y aportando luminosidad a la piel. Estas ampollas de Vitamina C logran con eficacia reparar la piel de forma que su apariencia sea joven y vital.",33.00 EUR,https://anitapinturitas.es/assets/productos/cuidadoPiel/producto10.jpg,https://anitapinturitas.es/html/producto.html?id=US-21106-10,in stock,new,Anita Pinturitas,Alta Cosmética
US-21106-11,HYALURONIC - Ampolla 2 ml. (10 unidades),"El ácido hialurónico liposomal de bajo peso molecular, en sus tres formas complejas, unido al colágeno, proporcionan la máxima hidratación y tersura a la piel, además de contribuir a rellenar y tensar las fibras de elastina y colágeno, ayudando a reducir la profundidad de las arrugas. Las ampollas Hyaluronic cubren todas las necesidades de hidratación profunda y nutrición.",33.00 EUR,https://anitapinturitas.es/assets/productos/cuidadoPiel/producto11.jpg,https://anitapinturitas.es/html/producto.html?id=US-21106-11,in stock,new,Anita Pinturitas,Alta Cosmética
US-21106-12,PACK AMPOLLAS (1 ud. VITAMIN C + 1 ud. HYALURONIC + 1 ud. SUERO TENSOR) - 2 ml.,"Vitamin C: Reparación de la piel para una apariencia joven y vital. Mediante “biotecnología vegetal con doble recubrimiento” la vitamina C penetra en las capas más profundas liberándose por fases de forma pura y estable, potenciando la acción antioxidante, regeneradora y aportando luminosidad a la piel. Hyaluronic: Nutrición e hidratación para una piel firme, elástica y tonificada. El ácido hialurónico liposomal de bajo peso molecular, en sus tres formas complejas, unido al colágeno, proporcionan la máxima hidratación y tersura a la piel, además de contribuir a rellenar y tensar las fibras de elastina y colágeno, ayudando a reducir la profundidad de las arrugas. Suero Tensor: Ampollas intensivas con doble efecto tensor, inmediato y prolongado. Formuladas con activos reafirmantes, revitalizantes y redensificantes, que rejuvenecen la apariencia del rostro. Actúan promoviendo la síntesis de elastina y colágeno, ayudando a recuperar la fuerza, tensión y luminosidad perdidas con el tiempo y a eliminar las líneas de expresión y signos de cansancio. Contiene glicosaminoglicanos, vitamina C, ácido hialurónico, silicio orgánico y extractos biotecnológicos de origen vegetal.",13.00 EUR,https://anitapinturitas.es/assets/productos/cuidadoPiel/producto12.jpg,https://anitapinturitas.es/html/producto.html?id=US-21106-12,in stock,new,Anita Pinturitas,Alta Cosmética
US-21106-13,ANTI-AGING - Ampolla estéril 2 ml. (10 unidades),"Ampollas estériles antiedad compuestas por activos que ejercen un efecto directo en los signos de la edad como las arrugas, flacidez y falta de vitalidad. La combinación de DMAE, péptidos y silicio orgánico favorecen un efecto lifting y redensificante. El ácido hialurónico de bajo peso molecular hidrata y disminuye las líneas de expresión y el ADN sódico repara y mejora la elasticidad de la piel.",33.00 EUR,https://anitapinturitas.es/assets/productos/cuidadoPiel/producto13.jpg,https://anitapinturitas.es/html/producto.html?id=US-21106-13,in stock,new,Anita Pinturitas,Alta Cosmética
US-21106-14,FIRMING UP - Ampolla estéril 2 ml. (10 unidades),"Ampollas estériles formuladas con activos altamente eficaces para redensificar e iluminar el rostro. La elastina y la vitamina C actúan sinérgicamente estimulando la síntesis de colágeno, devolviendo la firmeza y tensión al rostro. El DMAE tiene una fuerte acción tensora, suavizando las arrugas producidas por la flacidez e iluminando la piel.",33.00 EUR,https://anitapinturitas.es/assets/productos/cuidadoPiel/producto14.jpg,https://anitapinturitas.es/html/producto.html?id=US-21106-14,in stock,new,Anita Pinturitas,Alta Cosmética
US-21106-15,WHITENING - Ampolla estéril 2 ml. (10 unidades),Ampollas estériles diseñadas con activos despigmentantes y antioxidantes para tratar las manchas y unificar el tono de la piel. El glutatión es un antioxidante muy eficaz que actúa inhibiendo la síntesis de melanina. El superóxido dismutasa es una enzima que actúa reduciendo la acción de los radicales libres y disminuyendo las hiperpigmentaciones. Los simbiosomas de pueraria y el ácido fólico (vitamina B9) promueven la regeneración celular y la síntesis de colágeno.,33.00 EUR,https://anitapinturitas.es/assets/productos/cuidadoPiel/producto15.jpg,https://anitapinturitas.es/html/producto.html?id=US-21106-15,in stock,new,Anita Pinturitas,Alta Cosmética
US-21106-16,PACK AMPOLLAS ESTÉRILES - 2 ml. (1ud. ANTIAGING + 1ud. FIRMING UP + 1ud. WHITENING) - 2 ml.,"Anti-aging: Ampollas estériles antiedad compuestas por activos que ejercen un efecto directo en los signos de la edad como las arrugas, flacidez y falta de vitalidad. La combinación de DMAE, péptidos y silicio orgánico favorecen un efecto lifting y redensificante. El ácido hialurónico de bajo peso molecular hidrata y disminuye las líneas de expresión y el ADN sódico repara y mejora la elasticidad de la piel. Firming Up: Ampollas estériles formuladas con activos altamente eficaces para redensificar e iluminar el rostro. La elastina y la vitamina C actúan sinérgicamente estimulando la síntesis de colágeno, devolviendo la firmeza y tensión al rostro. El DMAE tiene una fuerte acción tensora, suavizando las arrugas producidas por la flacidez e iluminando la piel. Whitening: Ampollas estériles diseñadas con activos despigmentantes y antioxidantes para tratar las manchas y unificar el tono de la piel. El glutatión es un antioxidante muy eficaz que actúa inhibiendo la síntesis de melanina. El superóxido dismutasa es una enzima que actúa reduciendo la acción de los radicales libres y disminuyendo las hiperpigmentaciones. Los simbiosomas de pueraria y el ácido fólico (vitamina B9) promueven la regeneración celular y la síntesis de colágeno.",13.00 EUR,https://anitapinturitas.es/assets/productos/cuidadoPiel/producto16.png,https://anitapinturitas.es/html/producto.html?id=US-21106-16,in stock,new,Anita Pinturitas,Alta Cosmética
US-21106-17,SUERO PARA MANCHAS - 15 ml.,"Los Laboratorios Espirit de Natura ponen al servicio del profesional el último descubrimiento en el tratamiento de manchas: la molécula vegetal extraída de caesalpinia spinosa que proporciona una aclaración de la zona afectada. A esta molécula le hemos unido la baba de caracol rica en ácido láctico, málico y glicólico y la vitamina C microencapsulada para ofrecer la mejor combinación para atacar las manchas, tanto solares como de cualquier origen.",29.00 EUR,https://anitapinturitas.es/assets/productos/cuidadoPiel/producto17.jpg,https://anitapinturitas.es/html/producto.html?id=US-21106-17,in stock,new,Anita Pinturitas,Alta Cosmética
US-21106-18,POLVO DE PERLA PURO (Blanqueador y antimanchas) - 10 g.,"El polvo puro de perla de uso cosmético es un inmejorable exfoliante y posee múltiples propiedades: actúa como blanqueante en manchas faciales y corporales, regula el exceso de grasa de la piel, posee una acción reparadora y proporciona elasticidad a la piel. Combina bien con productos acuosos y oleosos. El polvo puro de perla contiene aminoácidos, calcio, yodo y otros componentes naturales. Indicado para todo tipo de pieles.",21.00 EUR,https://anitapinturitas.es/assets/productos/cuidadoPiel/producto18.png,https://anitapinturitas.es/html/producto.html?id=US-21106-18,in stock,new,Anita Pinturitas,Alta Cosmética
US-21106-19,ELIXIR FACIAL ANTIEDAD - 30 ml.,"Elixir concentrado de alta calidad. Ayuda a nutrir, regenerar y reparar los daños producidos por el envejecimiento, contribuyendo de forma activa a atenuar las arrugas. Formulado con once aceites de origen vegetal que aportan firmeza y elasticidad a la piel. De textura ligera y sedosa, se absorbe con facilidad y devuelve el confort y luminosidad al rostro.",41.00 EUR,https://anitapinturitas.es/assets/productos/cuidadoPiel/producto19.jpg,https://anitapinturitas.es/html/producto.html?id=US-21106-19,in stock,new,Anita Pinturitas,Alta Cosmética
US-21106-20,CONTORNO DE OJOS DRY - 15 ml.,"Contorno de ojos altamente concentrado de triple acción. Reduce la apariencia, aclara el pigmento de las ojeras y restaura la elasticidad de la piel. Formulada con activos seleccionados para mejorar la microcirculación, descongestionando y refrescando la mirada. Atenúa gradualmente el color morado o pigmento de las ojeras, disminuye visiblemente el volumen y la hinchazón de las bolsas, aporta luminosidad, además de restaurar la elasticidad y firmeza de la piel.",31.00 EUR,https://anitapinturitas.es/assets/productos/cuidadoPiel/producto20.png,https://anitapinturitas.es/html/producto.html?id=US-21106-20,in stock,new,Anita Pinturitas,Alta Cosmética
US-21106-21,CONTORNO DE OJOS PLUS - 15 ml.,"Contorno de ojos concentrado en aloe vera, colágeno vegetal y extracto de caracol. Está especialmente indicado para bolsas, ojeras, signos del envejecimiento y arrugas. Tiene una textura tipo gel que permite una rápida absorción de los principios activos, por lo que el efecto será perceptible inmediatamente.",25.00 EUR,https://anitapinturitas.es/assets/productos/cuidadoPiel/producto21.png,https://anitapinturitas.es/html/producto.html?id=US-21106-21,in stock,new,Anita Pinturitas,Alta Cosmética
US-21106-22,FANGO ESPIRIT (facial y corporal) - 15 g.,"Fango especial para el tratamiento del rostro y cuerpo con propiedades detoxificantes que ayudan a eliminar toxinas e impurezas de la piel. Rico en polvo de perla aporta nutrientes y combate los signos de la edad y el envejecimiento. El alto contenido en aceite de semilla de uva aporta antioxidantes naturales que protegen la piel de las agresiones externas. El contenido de aloe vera puro al 100% hidrata y regenera las imperfecciones de la piel. El extracto de manzanilla actúa como calmante y suavizante. El aceite de rosa mosqueta de 1ª prensada en frío actúa como regenerador y ayuda a combatir las manchas de la piel, dejándola en su estado óptimo.",9.00 EUR,https://anitapinturitas.es/assets/productos/cuidadoPiel/producto22.jpg,https://anitapinturitas.es/html/producto.html?id=US-21106-22,in stock,new,Anita Pinturitas,Alta Cosmética
US-21106-23,FANGO ESPIRIT (facial y corporal) - 120 g.,"Fango especial para el tratamiento del rostro. Rico en polvo de perla aporta nutrientes y combate los signos de la edad y el envejecimiento. El alto contenido en aceite de semilla de uva aporta antioxidantes naturales que protegen la piel de las agresiones externas. El contenido de aloe vera puro al 100% hidrata y regenera las imperfecciones de la piel. El extracto de manzanilla actúa como calmante y suavizante. El aceite de rosa mosqueta de 1ª prensada en frío actúa como regenerador y ayuda a combatir las manchas de la piel, dejándola en su estado óptimo.",19.00 EUR,https://anitapinturitas.es/assets/productos/cuidadoPiel/producto23.jpg,https://anitapinturitas.es/html/producto.html?id=US-21106-23,in stock,new,Anita Pinturitas,Alta Cosmética
US-21106-24,MASCARILLA FACIAL CON ORO Y ÁCIDO HIALURÓNICO - 250 ml.,"Excelente mascarilla con oro 24 kl y ácido hialurónico. El ácido hialurónico impide la deshidratación permitiendo que las células recuperen su hidratación natural, combatiendo la profundidad de las arrugas. El oro es rico en oligoelementos, revitaliza las pieles gastadas, proporciona firmeza, elasticidad, aporta luminosidad y descongestiona la piel.",21.00 EUR,https://anitapinturitas.es/assets/productos/cuidadoPiel/producto24.jpg,https://anitapinturitas.es/html/producto.html?id=US-21106-24,in stock,new,Anita Pinturitas,Alta Cosmética
US-21106-25,MASCARILLA FACIAL ANTIOXIDANTE - 250 ml.,"Excelente mascarilla antioxidante con extracto de granada, té verde y trufa. Ayuda a frenar el avance de los radicales libres que producen el envejecimiento de la piel.",21.00 EUR,https://anitapinturitas.es/assets/productos/cuidadoPiel/producto25.jpg,https://anitapinturitas.es/html/producto.html?id=US-21106-25,in stock,new,Anita Pinturitas,Alta Cosmética
US-21106-26,MASCARILLA FACIAL CON VITAMINA C - 250 ml.,"La vitamina C es necesaria para la biosíntesis del colágeno, además de tener propiedades antioxidantes. Esta mascarilla está diseñada para devolver la luminosidad, revitalizar la piel y unificar el tono. Su textura tipo hidrogel, nos proporciona una sensación de hidratación y confort inmediato, ya que aporta la humedad adecuada, mejorando la textura de la piel y contribuyendo a minimizar arrugas y líneas de expresión. Como consecuencia, la piel luce mucho más joven y saludable.",21.00 EUR,https://anitapinturitas.es/assets/productos/cuidadoPiel/producto26.jpg,https://anitapinturitas.es/html/producto.html?id=US-21106-26,in stock,new,Anita Pinturitas,Alta Cosmética
US-21106-27,MASCARILLA FACIAL PARA MANCHAS - 250 ml,Mascarilla facial tipo gel para tratar las imperfecciones y el tono desigual de la piel. Formulación rica en activos despigmentantes e hidratantes que actúan atenuando y reduciendo las manchas.,21.00 EUR,https://anitapinturitas.es/assets/productos/cuidadoPiel/producto27.jpg,https://anitapinturitas.es/html/producto.html?id=US-21106-27,in stock,new,Anita Pinturitas,Alta Cosmética
US-21106-28,MASCARILLA FACIAL REFRESCANTE - 250 ml.,"Mascarilla facial refrescante para revitalizar las pieles cansadas. Formulada con activos que calman y producen una sensación de frescor inmediata. Los tres activos fermentados actúan como prebióticos, aumentando la protección de la barrera cutánea frente a los agentes externos y devolviéndole la elasticidad a la piel. La camomila, con propiedades calmantes, combate los signos de fatiga cutánea dejando el rostro más confortable. El extracto marino de fitoplancton, altamente antioxidante, prevé y repara las pieles dañadas. El ácido hialurónico mantiene la piel hidratada y suave.",21.00 EUR,https://anitapinturitas.es/assets/productos/cuidadoPiel/producto28.png,https://anitapinturitas.es/html/producto.html?id=US-21106-28,in stock,new,Anita Pinturitas,Alta Cosmética
US-21106-29,MASCARILLA PLÁSTICA CON ORO - 350 g.,"Mascarilla de alginatos con oro de 24 k, posee propiedades revitalizantes, regeneradoras, calmantes y refrescantes, indicado para pieles apagadas, gastadas, sensibles y flácidas, respectivamente. Esta mascarilla favorece la retención de agua proporcionando alta hidratación y oxigenación facial previniendo el envejecimiento celular.",51.00 EUR,https://anitapinturitas.es/assets/productos/cuidadoPiel/producto29.jpg,https://anitapinturitas.es/html/producto.html?id=US-21106-29,in stock,new,Anita Pinturitas,Alta Cosmética
US-21106-30,MASCARILLA PLÁSTICA CON VITAMINA C - 350 g.,"La vitamina C es un potente antioxidante que ayuda a inactivar los radicales libres responsables del envejecimiento de la piel. Esta mascarilla de alginatos, por su efecto frío, es un potente reafirmante que a la vez proporciona elasticidad, vitalidad y firmeza, estimulando las defensas naturales de la piel.",51.00 EUR,https://anitapinturitas.es/assets/productos/cuidadoPiel/producto30.jpg,https://anitapinturitas.es/html/producto.html?id=US-21106-30,in stock,new,Anita Pinturitas,Alta Cosmética
US-21106-31,MASCARILLA PLÁSTICA CON POLVO DE PERLA - 350 g.,"Mascarilla con polvo de perla puro, con propiedades reafirmantes y blanqueantes. Suaviza e ilumina el rostro. El polvo de perla posee propiedades blanqueantes, estimula la circulación y protege la piel de agresiones externas.",51.00 EUR,https://anitapinturitas.es/assets/productos/cuidadoPiel/producto31.jpg,https://anitapinturitas.es/html/producto.html?id=US-21106-31,in stock,new,Anita Pinturitas,Alta Cosmética
US-21109-00,CLEANSING MOUSSE - 150 ml.,"Formulado con tensioactivos suaves que consiguen limpiar en profundidad sin alterar la barrera cutánea. Con activos botánicos de acción antioxidante y calmante, y activos queratolíticos que promueven la renovación celular y la eliminación de impurezas e imperfecciones.",25.00 EUR,https://anitapinturitas.es/assets/productos/cuidadoPiel/facial0.png,https://anitapinturitas.es/html/producto.html?id=US-21109-00,in stock,new,Anita Pinturitas,Línea Facial
US-21109-01,VITAMIN C REGENERATIVE (Crema facial pieles secas) - 50 ml.,"Crema facial completa día y noche, con factores hidratantes para la piel que proporcionan energía, vitalidad y dejan la piel firme, resplandeciente y sedosa. El aceite de onagra natural aporta ácido oleico, linoleico y gammalinoleico. Toda crema especial debe contener aceite de onagra. El aceite de rosa mosqueta trata las arrugas y las manchas, dándole firmeza y elasticidad a la piel. El aceite de jojoba natural contiene ésteres insaturados líquidos de cadena larga, tocoferoles y vitamina E con propiedades antioxidantes. Indicado para pieles secas.",31.00 EUR,https://anitapinturitas.es/assets/productos/cuidadoPiel/facial1.png,https://anitapinturitas.es/html/producto.html?id=US-21109-01,in stock,new,Anita Pinturitas,Línea Facial
US-21110-02,REESTRUCTUR (Crema facial pieles mixtas) - 50 ml.,"Excelente crema reestructuradora. La baba de caracol es rica en alantoína, colágeno, elastina, ácido glicólico, láctico, málico y diversas vitaminas. Posee propiedades hidratantes y nutrientes. Regenera la piel y ayuda en el tratamiento de los signos de la edad y el envejecimiento. Además por su poder regenerador está indicado para combatir las marcas y señales de la piel. Con aloe vera, baba de caracol, aceite de rosa mosqueta, semilla de uva, y jojoba, vitamina E y aceite esencial de lavanda. Indicado para pieles mixtas y grasas. Crema de día y noche.",31.00 EUR,https://anitapinturitas.es/assets/productos/cuidadoPiel/facial2.jpg,https://anitapinturitas.es/html/producto.html?id=US-21110-02,in stock,new,Anita Pinturitas,Línea Facial
US-21110-03,TRUFA ESSENCE (Crema facial pieles mixtas) - 50 ml.,"Excelente crema reguladora para pieles mixtas. Hidrata en profundidad y aporta todos los nutrientes necesarios para la piel. Por su fórmula especial, equilibra, unifica y regula las zonas grasas y secas del rostro dejando una piel lisa y sedosa. Regenera y ayuda a la eliminación de los signos de la edad y las imperfecciones de la piel. Indicada para pieles mixtas. Crema de día y noche.",31.00 EUR,https://anitapinturitas.es/assets/productos/cuidadoPiel/facial3.jpg,https://anitapinturitas.es/html/producto.html?id=US-21110-03,in stock,new,Anita Pinturitas,Línea Facial
US-21110-04,HYALURONIC CAVIAR (Crema facial pieles secas) - 50 ml.,"Crema hidratante con ácido hialurónico y caviar para pieles secas, favorece la estimulación natural del colágeno, retrasando el envejecimiento celular y aportando tersura y firmeza a la piel. Con niacinamida y vitamina E. Proporciona vitalidad y luminosidad a la piel.",31.00 EUR,https://anitapinturitas.es/assets/productos/cuidadoPiel/facial4.png,https://anitapinturitas.es/html/producto.html?id=US-21110-04,in stock,new,Anita Pinturitas,Línea Facial
US-21110-05,HIDRATANTE FACIAL (Crema facial) - 50 ml.,"Crema facial enriquecida con centella asiática, provitamina B5 y vitamina E que ayudan a fortalecer y reparar la barrera cutánea, promoviendo la síntesis de colágeno y devolviendo la elasticidad de la piel. Los extractos de avena, pepino y ginseng contribuyen a calmar, hidratar y revitalizar el rostro.",26.00 EUR,https://anitapinturitas.es/assets/productos/cuidadoPiel/facial5.png,https://anitapinturitas.es/html/producto.html?id=US-21110-05,in stock,new,Anita Pinturitas,Línea Facial
US-21110-06,HIDROALOE con manteca de karité (Crema facial) - 50 ml.,"Crema hidratante de día con aloe vera, manteca de karité, extracto de pepino, aceite de almendras dulces, aceite de semilla de uva, aceite esencial de lavanda y vitamina E. Todos sus componentes proporcionan una hidratación perfecta. Indicada para todo tipo de pieles. Crema de día y noche.",26.00 EUR,https://anitapinturitas.es/assets/productos/cuidadoPiel/facial6.jpg,https://anitapinturitas.es/html/producto.html?id=US-21110-06,in stock,new,Anita Pinturitas,Línea Facial
US-21110-07,NUTRIALOE con vitamina C (Crema facial) - 50 ml.,Crema nutritiva día/noche con efecto reparador que aporta los nutrientes necesarios para dar firmeza y combatir el envejecimiento prematuro. La unión de sus componentes proporciona una nutrición y elasticidad perfecta para todo tipo de pieles apagadas y con falta de vitalidad. Indicada para todo tipo de pieles. Crema de día y noche.,26.00 EUR,https://anitapinturitas.es/assets/productos/cuidadoPiel/facial7.jpg,https://anitapinturitas.es/html/producto.html?id=US-21110-07,in stock,new,Anita Pinturitas,Línea Facial
US-21110-08,EXFOLIANTE DE ORO (facial y corporal) - 200 ml.,Exfoliante físico y natural con partículas de oro puro de 24 ct y extractos vegetales naturales. Exfoliando la piel regularmente activamos la circulación de la sangre y promovemos la rápida regeneración celular proporcionando suavidad y frescor en la piel.,25.00 EUR,https://anitapinturitas.es/assets/productos/cuidadoPiel/facial8.jpg,https://anitapinturitas.es/html/producto.html?id=US-21110-08,in stock,new,Anita Pinturitas,Línea Facial
US-21110-09,EXFOLIANTE DE POLVO DE PERLA (facial y corporal) - 200 ml.,"Exfoliante especial con extractos vegetales y polvo de perla. Proporciona una exfoliación suave pero profunda eliminando las células muertas y ayudando a tratamientos despigmentantes. Además, favorece la regeneración rápida de la piel proporcionando suavidad y elasticidad a la piel.",25.00 EUR,https://anitapinturitas.es/assets/productos/cuidadoPiel/facial9.jpg,https://anitapinturitas.es/html/producto.html?id=US-21110-09,in stock,new,Anita Pinturitas,Línea Facial
US-21110-10,EXFOLIANTE DE VITAMINA C (facial y corporal) - 200 ml.,Exfoliante especial con naranja dulce y vitamina C. Elimina fácilmente las células muertas con una profunda exfoliación. La vitamina C y el aceite esencial de naranja favorecen la regeneración rápida de la piel.,25.00 EUR,https://anitapinturitas.es/assets/productos/cuidadoPiel/facial10.jpg,https://anitapinturitas.es/html/producto.html?id=US-21110-10,in stock,new,Anita Pinturitas,Línea Facial
US-21110-11,EXFOLIANTE DE ALGA WAKAME (facial y corporal) - 200 ml.,"Exfoliante original con alga wakame y aroma a manzana verde para realizar una suave exfoliación eliminando las células muertas y proporcionando una sensación de pureza, frescor y bienestar de la piel. Con propiedades regenerantes para mantener la piel siempre joven y vital.",25.00 EUR,https://anitapinturitas.es/assets/productos/cuidadoPiel/facial11.jpg,https://anitapinturitas.es/html/producto.html?id=US-21110-11,in stock,new,Anita Pinturitas,Línea Facial
US-21110-12,EXFOLIANTE DE VINO (facial y corporal) - 200 ml.,"Exfoliante físico y natural con extractos antioxidantes de vino y partículas de sílica, un mineral que proporciona una exfoliación mecánica de intensidad modulable mediante la presión ejercida; a mayor presión en la exfoliación, mayor será el arrastre del exfoliante. Perfecto para realizar una exfoliación facial y corporal adaptando la intensidad por zonas según requerimiento de cada una.",25.00 EUR,https://anitapinturitas.es/assets/productos/cuidadoPiel/facial12.png,https://anitapinturitas.es/html/producto.html?id=US-21110-12,in stock,new,Anita Pinturitas,Línea Facial
US-21110-13,EXFOLIANTE DE CHOCOLATE (facial y corporal) - 200 ml.,"El cacao es un activo natural de gran interés cosmético debido a su composición rica en teobromina, polifenoles y minerales. Es un estimulante natural que mejora la microcirculación. Además, el aroma a cacao de los tratamientos de chocolaterapia evoca un estado de bienestar muy agradable y placentero. Los polifenoles que se encuentran en el cacao son unos potentes antioxidantes naturales capaces de captar y neutralizar los radicales libres, evitando así los daños en la piel ocasionados por el poder oxidativo de estos radicales. Los minerales más abundantes del cacao son el calcio, el potasio, magnesio, manganeso y zinc, todos ellos estrechamente implicados en el correcto funcionamiento celular, ya que son, en parte, elementos esenciales y oligoelementos necesarios para la vida celular.",25.00 EUR,https://anitapinturitas.es/assets/productos/cuidadoPiel/facial13.png,https://anitapinturitas.es/html/producto.html?id=US-21110-13,in stock,new,Anita Pinturitas,Línea Facial
US-21110-14,JABÓN FACIAL - 150 ml.,"Jabón facial con activos naturales que respetan y revitalizan la piel, limpia en profundidad las impurezas purificando la piel del rostro sin secarla ni alterar el pH. Libre de aceites. Ideal para antes y después del maquillaje y el ritual diario de limpieza. Indicado para todo tipo de pieles.",18.00 EUR,https://anitapinturitas.es/assets/productos/cuidadoPiel/facial14.jpg,https://anitapinturitas.es/html/producto.html?id=US-21110-14,in stock,new,Anita Pinturitas,Línea Facial
US-21110-15,JABÓN FACIAL INTENSIVO - 150 ml.,Excelente jabón facial para pieles grasas o con acné. Prepara la piel para el tratamiento. El aloe vera posee propiedades reguladoras del exceso de grasa y la eufrasia calma la piel evitando la formación del acné. La manzanilla actúa como calmante.,18.00 EUR,https://anitapinturitas.es/assets/productos/cuidadoPiel/facial15.jpg,https://anitapinturitas.es/html/producto.html?id=US-21110-15,in stock,new,Anita Pinturitas,Línea Facial
US-21110-16,LECHE LIMPIADORA - 150 ml.,"Por su composición vegetal, limpia la piel de impurezas, sin agresiones y de manera suave y eficaz, dejando la piel suave y sedosa. Contiene pantenol que favorece la hidratación.",17.00 EUR,https://anitapinturitas.es/assets/productos/cuidadoPiel/facial16.jpg,https://anitapinturitas.es/html/producto.html?id=US-21110-16,in stock,new,Anita Pinturitas,Línea Facial
US-21110-17,LECHE LIMPIADORA INTENSIVA - 150 ml.,Leche limpiadora indicada para pieles grasas. Limpia la piel y regula el exceso de grasa. Con aloe vera y extractos de hamamelis y bardana.,17.00 EUR,https://anitapinturitas.es/assets/productos/cuidadoPiel/facial17.jpg,https://anitapinturitas.es/html/producto.html?id=US-21110-17,in stock,new,Anita Pinturitas,Línea Facial
prod_SeyHqheij33e5n,AGUA MICELAR OCEAN - 150 ml.,"Desde la inmensidad del océano nace el AGUA MICELAR con fitoplancton, especial para la higiene facial y limpieza diaria, se puede utilizar por la mañana al levantarse para limpiar y refrescar antes de la crema hidratante y también por la noche para eliminar el maquillaje o las impurezas de la piel, quedando suave y sedosa. El fitoplancton, protege y repara la oxidación de las proteínas purificando la piel y reduciendo el daño causado por el envejecimiento. Al ser rico en oligoelementos y aminoácidos restaura la actividad del proteosoma previniendo la oxidación causada por la radiación solar y el paso del tiempo.",18.00 EUR,https://anitapinturitas.es/assets/productos/cuidadoPiel/facial18.png,https://anitapinturitas.es/html/producto.html?id=prod_SeyHqheij33e5n,in stock,new,Anita Pinturitas,Línea Facial
US-21110-19,NIACINCARE BRUME - 150 ml.,"Bruma facial de rápida absorción, ayuda a calmar y aliviar las pieles más sensibles. Los activos actúan sinérgicamente produciendo una sensación de hidratación y confort inmediato. Formulada con activos altamente eficaces y multifuncionales que combaten los signos de la edad, refuerzan la barrera hidrolipídica protegiéndola de factores externos y contribuyen a atenuar los brotes acneicos",23.00 EUR,https://anitapinturitas.es/assets/productos/cuidadoPiel/facial19.png,https://anitapinturitas.es/html/producto.html?id=US-21110-19,in stock,new,Anita Pinturitas,Línea Facial
US-21110-20,TÓNICO FACIAL - 150 ml.,"Excelente tónico a base de extractos vegetales, tonifica la piel y contribuye a cerrar los poros dejándola suave y sedosa. Con rosa búlgara, manzanilla y caléndula.",17.00 EUR,https://anitapinturitas.es/assets/productos/cuidadoPiel/facial20.jpg,https://anitapinturitas.es/html/producto.html?id=US-21110-20,in stock,new,Anita Pinturitas,Línea Facial
US-21110-21,TÓNICO FACIAL INTENSIVO - 150 ml.,"Tónico facial con extractos de hamamelis, salvia y bardana. Tonifica y prepara la piel para la aplicación de la crema facial. Indicado para pieles grasas.",17.00 EUR,https://anitapinturitas.es/assets/productos/cuidadoPiel/facial21.jpg,https://anitapinturitas.es/html/producto.html?id=US-21110-21,in stock,new,Anita Pinturitas,Línea Facial
US-21110-22,AGUA DE NUA - 150 ml.,Combinación magistral de hidrolatos y aceites esenciales con mayores propiedades cosméticas y altamente tonificantes para la piel. Aporta máxima hidratación y frescura.,15.00 EUR,https://anitapinturitas.es/assets/productos/cuidadoPiel/facial22.jpg,https://anitapinturitas.es/html/producto.html?id=US-21110-22,in stock,new,Anita Pinturitas,Línea Facial
US-21110-23,AGUA DE ROSAS - 150 ml.,"Agua de rosas obtenida por destilación artesanal en corriente de vapor de la rosa búlgara. Actúa como suave tónico facial para pieles sensibles. Refresca, calma y tonifica la piel.",15.00 EUR,https://anitapinturitas.es/assets/productos/cuidadoPiel/facial23.jpg,https://anitapinturitas.es/html/producto.html?id=US-21110-23,in stock,new,Anita Pinturitas,Línea Facial
US-21110-24,AGUA DE HAMAMELIS ECO - 150 ml.,"Agua de Hamamelis Virginiana obtenida por destilación de vapor. Especial para regular pieles grasas y con acné. Actúa como astringente, contribuyendo al tratamiento de poros dilatados.",15.00 EUR,https://anitapinturitas.es/assets/productos/cuidadoPiel/facial24.jpg,https://anitapinturitas.es/html/producto.html?id=US-21110-24,in stock,new,Anita Pinturitas,Línea Facial
US-21110-25,BÁLSAMO LABIAL - 15 ml.,"Excelente bálsamo labial a base de aceites y ceras naturales. Protege, hidrata y regenera los labios de los daños producidos por los cambios climáticos u otros efectos. No contiene parafina ni vaselina.",11.00 EUR,https://anitapinturitas.es/assets/productos/cuidadoPiel/facial25.png,https://anitapinturitas.es/html/producto.html?id=US-21110-25,in stock,new,Anita Pinturitas,Línea Facial
US-21110-26,LOCIÓN AFTER (para después del afeitado) - 150 ml.,"Loción especial con aloe vera para después del afeitado. Proporciona suavidad e hidratación regenerando la piel dañada por el rasurado. Calma las rojeces y la irritación producidas por el afeitado. Indicado para todo tipo de pieles, especialmente para pieles sensibles.",15.00 EUR,https://anitapinturitas.es/assets/productos/cuidadoPiel/facial26.jpg,https://anitapinturitas.es/html/producto.html?id=US-21110-26,in stock,new,Anita Pinturitas,Línea Facial
US-21113-01,ENERGY ESSENCE (Crema facial pieles secas) - 50 ml.,"Excelente crema facial para pieles secas y deshidratadas, con extractos marinos que aportan máxima hidratación y vitamina C que actúa como un fuerte antioxidante para combatir los signos de la edad. Además, mejora la síntesis de colágeno y ayuda a clarificar las pigmentaciones de la piel. Crema con certificado ecológico. Crema día y noche.",31.00 EUR,https://anitapinturitas.es/assets/productos/cuidadoPiel/eco1.jpg,https://anitapinturitas.es/html/producto.html?id=US-21113-01,in stock,new,Anita Pinturitas,Línea eco-marina (con certificación ecológica)
US-21114-02,VITAL ESSENCE (Crema facial pieles mixtas) - 50 ml.,"Excelente crema facial para regular la piel mixta, con activos marinos, vitamina C y factores hidratantes de última generación que aportan máxima hidratación sin engrasar la piel, dejándola suave y sin brillos. Crema con certificado ecológico. Crema día y noche.",31.00 EUR,https://anitapinturitas.es/assets/productos/cuidadoPiel/eco2.jpg,https://anitapinturitas.es/html/producto.html?id=US-21114-02,in stock,new,Anita Pinturitas,Línea eco-marina (con certificación ecológica)
US-21114-03,CONTORNO DE OJOS ECO - 15 ml.,Mejora el aspecto facial y los signos de la edad. Hidrata en profundidad las zonas más susceptibles a la deshidratación ayudando a disminuir las arrugas.,21.00 EUR,https://anitapinturitas.es/assets/productos/cuidadoPiel/eco3.jpg,https://anitapinturitas.es/html/producto.html?id=US-21114-03,in stock,new,Anita Pinturitas,Línea eco-marina (con certificación ecológica)
US-21114-04,AGUA MICELAR OCEAN - 150 ml.,"Desde la inmensidad del océano nace el AGUA MICELAR con fitoplancton, especial para la higiene facial y limpieza diaria, se puede utilizar por la mañana al levantarse para limpiar y refrescar antes de la crema hidratante y también por la noche para eliminar el maquillaje o las impurezas de la piel, quedando suave y sedosa. El fitoplancton, protege y repara la oxidación de las proteínas purificando la piel y reduciendo el daño causado por el envejecimiento. Al ser rico en oligoelementos y aminoácidos restaura la actividad del proteosoma previniendo la oxidación causada por la radiación solar y el paso del tiempo.",13.00 EUR,https://anitapinturitas.es/assets/productos/cuidadoPiel/eco4.png,https://anitapinturitas.es/html/producto.html?id=US-21114-04,in stock,new,Anita Pinturitas,Línea eco-marina (con certificación ecológica)
US-21114-05,AGUA DE NUA ECO - 150 ml.,"Combinación magistral de aceites esenciales en forma de hidrolato con propiedades tonificantes, humectantes, refrescantes e hidratantes para la piel. Mantienen la humedad en la piel proporcionando elasticidad y firmeza. Aporta propiedades calmantes para después de la exposición solar y agresiones externas como viento, frio, etc. Especial para preparar la piel como tónico diario.",15.00 EUR,https://anitapinturitas.es/assets/productos/cuidadoPiel/eco5.jpg,https://anitapinturitas.es/html/producto.html?id=US-21114-05,in stock,new,Anita Pinturitas,Línea eco-marina (con certificación ecológica)
US-21114-06,AGUA DE HAMAMELIS ECO - 150 ml.,"Agua de Hamamelis Virginiana obtenida por destilación de vapor. Especial para regular pieles grasas y con acné. Actúa como astringente, contribuyendo al tratamiento de poros dilatados.",15.00 EUR,https://anitapinturitas.es/assets/productos/cuidadoPiel/eco6.jpg,https://anitapinturitas.es/html/producto.html?id=US-21114-06,in stock,new,Anita Pinturitas,Línea eco-marina (con certificación ecológica)
US-21114-07,ALOE VERA Y CALÉNDULA - 75 ml.,"Gel para después de la ducha, baño, depilación, exposición solar o rayos UVA, afeitado, irritaciones, cambios climáticos bruscos, etc. Con aloe vera, aceite de caléndula, vitamina E, alga wakame y alga chlorella. Especial para hidratar en profundidad, combatir las agresiones externas, refrescar y calmar la piel.",9.00 EUR,https://anitapinturitas.es/assets/productos/cuidadoPiel/eco7.jpg,https://anitapinturitas.es/html/producto.html?id=US-21114-07,in stock,new,Anita Pinturitas,Línea eco-marina (con certificación ecológica)
US-21114-08,ALOE VERA Y CALÉNDULA - 200 ml.,"Gel para después de la ducha, baño, depilación, exposición solar o rayos UVA, afeitado, irritaciones, cambios climáticos bruscos, etc. Con aloe vera, aceite de caléndula, vitamina E, alga wakame y alga chlorella. Especial para hidratar en profundidad, combatir las agresiones externas, refrescar y calmar la piel.",15.00 EUR,https://anitapinturitas.es/assets/productos/cuidadoPiel/eco8.jpg,https://anitapinturitas.es/html/producto.html?id=US-21114-08,in stock,new,Anita Pinturitas,Línea eco-marina (con certificación ecológica)
US-21114-09,LOCIÓN CORPORAL - 200 ml.,"Hidrata en profundidad todo tipo de pieles mejorando el tono y la suavidad de la piel, calma las irritaciones y refuerza la barrera de la piel. Enriquecida con agentes protectores que impiden la deshidratación de la piel eliminando los signos de la piel seca y descamada. Con manteca de karité, aceite de oliva ecológico, aloe vera y extractos marinos.",23.00 EUR,https://anitapinturitas.es/assets/productos/cuidadoPiel/eco9.jpg,https://anitapinturitas.es/html/producto.html?id=US-21114-09,in stock,new,Anita Pinturitas,Línea eco-marina (con certificación ecológica)
US-21114-10,CREMA DE MANOS ECO - 75 ml.,"Crema de manos a base de extractos marinos, aceites y ceras naturales. Cuida, hidrata y regenera las manos dañadas. El karité crea una película que protege las manos de los agentes externos, se absorbe rápidamente y no deja las manos grasas. El alga wakame aporta los minerales y oligoelementos necesarios para mantener la piel en perfecto estado. El aceite de oliva ecológico es rico en nutrientes esenciales para eliminar los signos de la edad en las manos.",15.00 EUR,https://anitapinturitas.es/assets/productos/cuidadoPiel/eco10.jpg,https://anitapinturitas.es/html/producto.html?id=US-21114-10,in stock,new,Anita Pinturitas,Línea eco-marina (con certificación ecológica)
US-21114-11,DESODORANTE ECO - 100 ml.,"Eficaz desodorante ecológico, neutraliza el olor corporal de forma natural y sin utilizar activos químicos, aportando frescor, suavidad y respetando la piel. Unisex. Formula sin sales de aluminio ni parabenos. El aloe vera actúa eficazmente como bactericida, eliminando el exceso de bacterias que producen el olor por su descomposición. También restaura la piel y eliminas las irritaciones producidas por el sudor. El espliego posee propiedades antisépticas, antibacterianas y calmantes, reforzando la acción del aloe vera. La piedra de alumbre es conocida por sus propiedades bactericidas, cicatrizantes y calmantes desde épocas remotas, siendo utilizada como desodorante.",13.00 EUR,https://anitapinturitas.es/assets/productos/cuidadoPiel/eco11.jpg,https://anitapinturitas.es/html/producto.html?id=US-21114-11,in stock,new,Anita Pinturitas,Línea eco-marina (con certificación ecológica)
US-21114-12,NATUR PIEL - 50 ml.,"Mezcla magistral de ceras naturales, aceites vegetales y aceites esenciales, especial para aliviar irritaciones, rozaduras, escoceduras, dermatitis, descamaciones, etc. Con caléndula, germen de arroz, rosa mosqueta, árnica, hipérico, aceite de oliva, vitamina E, aceite esencial de lavanda y romero.",19.00 EUR,https://anitapinturitas.es/assets/productos/cuidadoPiel/eco12.jpg,https://anitapinturitas.es/html/producto.html?id=US-21114-12,in stock,new,Anita Pinturitas,Línea eco-marina (con certificación ecológica)
US-21114-13,ACEITE DE ÁRNICA - 100 ml.,"Esta planta ha probado ser efectiva en caso de golpes, contusiones y dislocaciones, dolores reumáticos e inflamación de la piel.",34.00 EUR,https://anitapinturitas.es/assets/productos/cuidadoPiel/eco13.jpg,https://anitapinturitas.es/html/producto.html?id=US-21114-13,in stock,new,Anita Pinturitas,Línea eco-marina (con certificación ecológica)
US-21114-14,ACEITE DE CALÉNDULA - 100 ml.,"El aceite de caléndula actúa eficazmente en rozaduras, quemaduras leves del Sol o el fuego, ayuda a cicatrizar heridas, cortes, inflamaciones en general, eccemas, quemaduras, picaduras de insectos o de medusas, úlceras externas e internas, escozor vaginal, etc.",29.00 EUR,https://anitapinturitas.es/assets/productos/cuidadoPiel/eco14.jpg,https://anitapinturitas.es/html/producto.html?id=US-21114-14,in stock,new,Anita Pinturitas,Línea eco-marina (con certificación ecológica)
US-21114-15,ACEITE DE HIPÉRICO - 100 ml.,"El aceite de hipérico ecológico se convierte, por su elevada concentración en taninos, en el mejor aliado para combatir los problemas de la piel como heridas, quemaduras, cortes, llagas, contusiones, etc. No exponer al Sol cuando se utilice el aceite de hipérico.",27.00 EUR,https://anitapinturitas.es/assets/productos/cuidadoPiel/eco15.jpg,https://anitapinturitas.es/html/producto.html?id=US-21114-15,in stock,new,Anita Pinturitas,Línea eco-marina (con certificación ecológica)
US-21115-01,SERUM CORPORAL ORO (loción) - 200 ml.,"Formulada con activos naturales, esta crema corporal nutre e hidrata en profundidad mejorando la apariencia de la piel, dejando un acabado aterciopelado y proporcionando una textura fina y sedosa. En su fórmula destacan el oro, el aloe vera y la unión de cuatro aceites vegetales con los que conseguimos nutrir e hidratar en profundidad, además de prevenir la sequedad y descamación de la piel. Su textura sedosa en crema y su agradable y cálido aroma despierta los sentidos, lo que la hará tu crema predilecta. Su composición esta formada por activos de máxima calidad, lo que la convierten en una excelente crema corporal. El oro, por sus propiedades estimulantes, permite que la piel luzca resplandeciente y con luminosidad. El aloe vera, contiene una gran cantidad de mucílagos, lo que proporciona propiedades hidratantes y emolientes. Además de poder encontrar activos cómo las glucoproteínas, la alantoína y otros compuestos de bajo peso molecular que le confieren propiedades cicatrizantes y antiinflamatorias. El aceite de Jojoba aporta suavidad, firmeza y elasticidad a la piel evitando la aparición de estrías. Por su parte, el aceite de almendras dulces retiene la humedad de la piel y la mantiene hidratada, el aceite de argán nutre y revitaliza la piel, devolviéndole la suavidad natural y el aceite de hipérico favorece la regeneración celular, ayudando a disminuir las cicatrices.",23.00 EUR,https://anitapinturitas.es/assets/productos/cuidadoPiel/corporal1.jpg,https://anitapinturitas.es/html/producto.html?id=US-21115-01,in stock,new,Anita Pinturitas,Línea Corporal
prod_SexCbQPbElVjnE,LOCIÓN CORPORAL VITAMINA C Y BAKUCHIOL - 200 ml.,"La loción corporal nutritiva es una combinación de activos altamente eficaces como la vitamina c, bakuchiol, centella asiática, aceite de zanahoria y germen de arroz, para conseguir una piel más firme y con un tono de piel más uniforme. La vitamina C y el bakuchiol actúan sinérgicamente potenciando la acción antioxidante y reafirmante de ambos. El extracto purificado de la centella asiática, tiene tres funciones principales, por un lado, reparar los daños cutáneos debido a su acción altamente regenerante, además ayuda a mejorar la microcirculación y favorecer la síntesis de colágeno endógeno.",22.00 EUR,https://anitapinturitas.es/assets/productos/cuidadoPiel/corporal2.png,https://anitapinturitas.es/html/producto.html?id=prod_SexCbQPbElVjnE,in stock,new,Anita Pinturitas,Línea Corporal
US-21116-03,SERUM CORPORAL POLVO DE PERLA (loción) - 200 ml.,"Excelente crema corporal con polvo de perla, aceite de cereza y aloe vera. Nutre e hidrata en profundidad previniendo la sequedad y descamación de la piel. Regenera la piel actuando sobre las irritaciones e imperfecciones dejándola fina, sedosa y aterciopelada. Es la solución eficaz para pieles secas, ya que desde la primera aplicación la piel se queda suave y con una agradable sensación de bienestar. Su fórmula con polvo de perla la hacen idónea para aquellas pieles que necesiten unificar el tono y quieran dejar un acabado mate y sedoso. La textura tipo crema permite extender de forma fácil fundiéndose en la piel sin dejar sensación grasa. Los efectos se notan desde la primera aplicación.",19.00 EUR,https://anitapinturitas.es/assets/productos/cuidadoPiel/corporal3.jpg,https://anitapinturitas.es/html/producto.html?id=US-21116-03,in stock,new,Anita Pinturitas,Línea Corporal
US-21116-04,SERUM CORPORAL CHOCOLATE (loción) - 200 ml.,"El serum corporal de chocolate, por su alto poder antioxidante, permite que la piel luzca como nueva aportando factores antienvejecimiento. Mejora la circulación gracias a su contenido en polifenoles y estimula la oxigenación celular desintoxicando la piel. El aroma cálido de chocolate despierta los sentidos y libera las tensiones diarias. Por su parte, el cacao, unido a los aceites vegetales, aportan humedad, energía y reestablece el manto hidrolipídico reforzando la barrera protectora de la piel. También ofrece una gama de minerales y antioxidantes que liberan a nuestra piel del envejecimiento prematuro.",19.00 EUR,https://anitapinturitas.es/assets/productos/cuidadoPiel/corporal4.jpg,https://anitapinturitas.es/html/producto.html?id=US-21116-04,in stock,new,Anita Pinturitas,Línea Corporal
US-21116-05,SERUM CORPORAL VINO (loción) - 200 ml.,"El serum corporal de vino, por su alto poder antioxidante, permite que la piel luzca rejuvenecida, luminosa y con un tono homogéneo. Su textura tipo crema, permite que se distribuya con facilidad, dejando la piel fina y sedosa. Tanto es así que será tu mejor aliado para lucir una piel sana durante todo el año y especialmente en verano. Una vez aplicado, notarás al instante la piel nutrida y regenerada. Además, su suave fragancia dulce hará que lo quieras usar a todas horas. Formulado con activos de máxima calidad, destacan el extracto del jugo de uva que proporciona una extraordinaria renovación de la superficie de la piel y se manifiesta con una gran mejoría en la topografía general cutánea. Por su parte, el aceite de semilla de uva, es un potente antioxidante que, por su alto contenido en polifenoles y flavonoides, lo convierten en un potente antioxidante.",19.00 EUR,https://anitapinturitas.es/assets/productos/cuidadoPiel/corporal5.jpg,https://anitapinturitas.es/html/producto.html?id=US-21116-05,in stock,new,Anita Pinturitas,Línea Corporal
US-21116-06,SERUM CORPORAL ALOE - 200 ml.,"Excelente crema corporal con aloe vera puro. Nutre e hidrata en profundidad previniendo la sequedad y descamación de la piel. Se absorbe fácilmente y no mancha. Es un magnífico regenerador celular para todo tipo de pieles. Deja la piel suave y sedosa. Indicado para después del baño, irritaciones de la piel, quemaduras solares leves, etc.",17.00 EUR,https://anitapinturitas.es/assets/productos/cuidadoPiel/corporal6.jpg,https://anitapinturitas.es/html/producto.html?id=US-21116-06,in stock,new,Anita Pinturitas,Línea Corporal
US-21116-07,NATUR OIL TIBETHAN (aceite hidratante) - 250 ml.,"Aceite hidratante para después del baño o ducha con propiedades protectoras y regenerantes. Deja la piel suave y sedosa con un aspecto aterciopelado, ayudando a retardar la pérdida de agua y favoreciendo la flexibilidad de la piel. Con aceite de jojoba, germen de trigo, almendras dulces, vitamina E y aceite esencial de romero.",17.00 EUR,https://anitapinturitas.es/assets/productos/cuidadoPiel/corporal7.jpg,https://anitapinturitas.es/html/producto.html?id=US-21116-07,in stock,new,Anita Pinturitas,Línea Corporal
US-21116-08,ALOE VERA Y ROSA MOSQUETA - 75 ml.,"Los Laboratorios Espirit de Natura han unido de forma magistral el aceite puro de rosa mosqueta al jugo natural de aloe vera, elaborando un excelente combinado para la piel. Este combinado natural está indicado para después del baño o ducha, quemaduras solares leves, irritaciones, para después de tratamientos de depilación láser, IPL, cera, manchas, descamaciones, etc.",6.00 EUR,https://anitapinturitas.es/assets/productos/cuidadoPiel/corporal8.jpg,https://anitapinturitas.es/html/producto.html?id=US-21116-08,in stock,new,Anita Pinturitas,Línea Corporal
US-21116-09,ALOE VERA Y ROSA MOSQUETA - 200 ml.,"Los Laboratorios Espirit de Natura han unido de forma magistral el aceite puro de rosa mosqueta al jugo natural de aloe vera, elaborando un excelente combinado para la piel. Este combinado natural está indicado para después del baño o ducha, quemaduras solares leves, irritaciones, para después de tratamientos de depilación láser, IPL, cera, manchas, descamaciones, etc.",13.00 EUR,https://anitapinturitas.es/assets/productos/cuidadoPiel/corporal9.jpg,https://anitapinturitas.es/html/producto.html?id=US-21116-09,in stock,new,Anita Pinturitas,Línea Corporal
US-21116-10,ALOE VERA Y ROSA MOSQUETA - 400 ml.,"Los Laboratorios Espirit de Natura han unido de forma magistral el aceite puro de rosa mosqueta al jugo natural de aloe vera, elaborando un excelente combinado para la piel. Este combinado natural está indicado para después del baño o ducha, quemaduras solares leves, irritaciones, para después de tratamientos de depilación láser, IPL, cera, manchas, descamaciones, etc.",19.00 EUR,https://anitapinturitas.es/assets/productos/cuidadoPiel/corporal10.jpg,https://anitapinturitas.es/html/producto.html?id=US-21116-10,in stock,new,Anita Pinturitas,Línea Corporal
US-21116-11,ALOE VERA Y ARGÁN - 200 ml.,"Excelente gel de aloe vera y aceite de argán para después del baño o ducha. Aporta los nutrientes y humectantes que puede necesitar la piel, dejándola suave y sedosa. Ayuda a prevenir la descamación, irritaciones, sequedad y calma la piel después de tomar baños solares.",15.00 EUR,https://anitapinturitas.es/assets/productos/cuidadoPiel/corporal11.png,https://anitapinturitas.es/html/producto.html?id=US-21116-11,in stock,new,Anita Pinturitas,Línea Corporal
US-21116-12,ALOE VERA - 200 ml.,"El gel de Aloe Vera es un magnífico regenerador celular que ayuda a cuidar, proteger y regenerar la piel de las irritaciones, quemaduras leves del Sol y es un magnífico complemento para después de la ducha o baño, dejando una piel suave, tersa y sedosa.",15.00 EUR,https://anitapinturitas.es/assets/productos/cuidadoPiel/corporal12.jpg,https://anitapinturitas.es/html/producto.html?id=US-21116-12,in stock,new,Anita Pinturitas,Línea Corporal
US-21116-13,NATUR POST DEPIL - 200 ml.,"Es un gel que ayuda en los tratamientos que eliminan o debilitan la salida del vello. Está compuesto por una fracción rica en dihidromiricetina obtenida a partir de la corteza, hojas y flores de Myrica cerífera L (comúnmente denominado árbol de la cera o mirto ceroso). Este producto se obtiene por extracción y posterior concentración mediante columna cromatográfica. Unido al aceite puro de rosa mosqueta y aloe vera posee una acción calmante y ayuda a eliminar las irritaciones del post depilatorio. Indicado para después de cualquier sistema de depilación.",19.00 EUR,https://anitapinturitas.es/assets/productos/cuidadoPiel/corporal13.jpg,https://anitapinturitas.es/html/producto.html?id=US-21116-13,in stock,new,Anita Pinturitas,Línea Corporal
US-21116-14,GEL FRÍO (piernas cansadas) - 200 ml.,Gel frío de aloe vera para piernas cansada y mala circulación. El frío que produce favorece la circulación en las piernas produciendo un alivio inmediato. El aloe vera actúa como calmante reduciendo el cansancio y la pesadez.,15.00 EUR,https://anitapinturitas.es/assets/productos/cuidadoPiel/corporal14.png,https://anitapinturitas.es/html/producto.html?id=US-21116-14,in stock,new,Anita Pinturitas,Línea Corporal
US-21116-15,REAFIRMANTE CORPORAL - 200 ml.,"Gel corporal reafirmante (con DMAE). Contiene extractos vegetales de efecto reafirmante sobre las fibras de la piel. Con activos que ayudan a reafirmar y mantener la piel tersa y joven, no mancha y permite vestirse después de su aplicación.",15.00 EUR,https://anitapinturitas.es/assets/productos/cuidadoPiel/corporal15.jpg,https://anitapinturitas.es/html/producto.html?id=US-21116-15,in stock,new,Anita Pinturitas,Línea Corporal
US-21116-16,GEL ANTIESTRÍAS - 200 ml.,Gel a base de extractos vegetales que ayuda a hidratar y nutrir en profundidad para prevenir la rotura de la piel y ayuda a proteger al cuerpo de las estrías.,19.00 EUR,https://anitapinturitas.es/assets/productos/cuidadoPiel/corporal16.jpg,https://anitapinturitas.es/html/producto.html?id=US-21116-16,in stock,new,Anita Pinturitas,Línea Corporal
US-21116-17,CREMA DE MANOS - 75 ml.,"Repara, protege y cuida las manos dañadas por condiciones climáticas, trabajo, descamación, asperezas, etc. Se absorbe rápidamente y no deja las manos grasas.",13.00 EUR,https://anitapinturitas.es/assets/productos/cuidadoPiel/corporal17.jpg,https://anitapinturitas.es/html/producto.html?id=US-21116-17,in stock,new,Anita Pinturitas,Línea Corporal
US-21116-18,CUTYCULUM - 25 ml.,"Cutyculum está formulado para cubrir las tres necesidades esenciales en las manicuras y pedicuras. El silicio orgánico actúa como fortalecedor y endurecedor de uñas frágiles o expuestas a disolventes y pinturas de uñas agresivas. El aceite de jojoba puro, regenera las zonas dañadas por las técnicas de manicura o pedicura, y el aceite esencial puro de árbol del té está indicado para tratar problemas provocados por hongos y otros gérmenes.",21.00 EUR,https://anitapinturitas.es/assets/productos/cuidadoPiel/corporal18.png,https://anitapinturitas.es/html/producto.html?id=US-21116-18,in stock,new,Anita Pinturitas,Línea Corporal
US-21116-19,GRIET TALON (crema talones) - 75 ml.,Crema especial para proteger y regenerar los pies y talones de las agresiones externas. Aportando factores hidratantes y aliviando las grietas,13.00 EUR,https://anitapinturitas.es/assets/productos/cuidadoPiel/corporal19.jpg,https://anitapinturitas.es/html/producto.html?id=US-21116-19,in stock,new,Anita Pinturitas,Línea Corporal
US-21111-01,DESODORANTE NATURAL - 100 ml.,Excelente desodorante totalmente natural lleno de frescura y suavidad. Máxima eficacia respetando la transpiración de la piel al no contener cloruro de aluminio. Indicado para todo tipo de pieles.,13.00 EUR,https://anitapinturitas.es/assets/productos/cuidadoPiel/higiene1.jpg,https://anitapinturitas.es/html/producto.html?id=US-21111-01,in stock,new,Anita Pinturitas,Línea higiene personal
US-21112-02,DESODORANTE PIES (con árbol del té) - 100 ml.,Desodorante natural en spray con aceite esencial de árbol del té. Respeta la transpiración de la piel al no contener cloruro de aluminio.,13.00 EUR,https://anitapinturitas.es/assets/productos/cuidadoPiel/higiene2.jpg,https://anitapinturitas.es/html/producto.html?id=US-21112-02,in stock,new,Anita Pinturitas,Línea higiene personal
US-21112-03,DESODORANTE CORPORAL - 150 ml.,"Excelente desodorante corporal unisex. Elimina el olor corporal al impedir la descomposición de los ácidos grasos eliminados con el sudor, proporcionando sensación de limpieza y frescura. Contiene aroma fresco a té verde.",17.00 EUR,https://anitapinturitas.es/assets/productos/cuidadoPiel/higiene3.jpg,https://anitapinturitas.es/html/producto.html?id=US-21112-03,in stock,new,Anita Pinturitas,Línea higiene personal
US-21112-04,EXFOLIANTE DE ORO (facial y corporal) - 200 ml.,Exfoliante físico y natural con partículas de oro puro de 24 ct y extractos vegetales naturales. Exfoliando la piel regularmente activamos la circulación de la sangre y promovemos la rápida regeneración celular proporcionando suavidad y frescor en la piel.,25.00 EUR,https://anitapinturitas.es/assets/productos/cuidadoPiel/higiene4.jpg,https://anitapinturitas.es/html/producto.html?id=US-21112-04,in stock,new,Anita Pinturitas,Línea higiene personal
US-21112-05,EXFOLIANTE DE POLVO DE PERLA (facial y corporal) - 200 ml.,"Exfoliante especial con extractos vegetales y polvo de perla. Proporciona una exfoliación suave pero profunda eliminando las células muertas y ayudando a tratamientos despigmentantes. Además, favorece la regeneración rápida de la piel proporcionando suavidad y elasticidad a la piel.",25.00 EUR,https://anitapinturitas.es/assets/productos/cuidadoPiel/higiene5.jpg,https://anitapinturitas.es/html/producto.html?id=US-21112-05,in stock,new,Anita Pinturitas,Línea higiene personal
US-21112-06,EXFOLIANTE DE VITAMINA C (facial y corporal) - 200 ml.,Exfoliante especial con naranja dulce y vitamina C. Elimina fácilmente las células muertas con una profunda exfoliación. La vitamina C y el aceite esencial de naranja favorecen la regeneración rápida de la piel.,25.00 EUR,https://anitapinturitas.es/assets/productos/cuidadoPiel/higiene6.jpg,https://anitapinturitas.es/html/producto.html?id=US-21112-06,in stock,new,Anita Pinturitas,Línea higiene personal
US-21112-07,EXFOLIANTE DE ALGA WAKAME (facial y corporal) - 200 ml.,"Exfoliante original con alga wakame y aroma a manzana verde para realizar una suave exfoliación eliminando las células muertas y proporcionando una sensación de pureza, frescor y bienestar de la piel. Con propiedades regenerantes para mantener la piel siempre joven y vital.",25.00 EUR,https://anitapinturitas.es/assets/productos/cuidadoPiel/higiene7.jpg,https://anitapinturitas.es/html/producto.html?id=US-21112-07,in stock,new,Anita Pinturitas,Línea higiene personal
US-21112-08,EXFOLIANTE DE VINO (facial y corporal) - 200 ml.,"Exfoliante físico y natural con extractos antioxidantes de vino y partículas de sílica, un mineral que proporciona una exfoliación mecánica de intensidad modulable mediante la presión ejercida; a mayor presión en la exfoliación, mayor será el arrastre del exfoliante. Perfecto para realizar una exfoliación facial y corporal adaptando la intensidad por zonas según requerimiento de cada una.",25.00 EUR,https://anitapinturitas.es/assets/productos/cuidadoPiel/higiene8.png,https://anitapinturitas.es/html/producto.html?id=US-21112-08,in stock,new,Anita Pinturitas,Línea higiene personal
US-21112-09,EXFOLIANTE DE CHOCOLATE (facial y corporal) - 200 ml.,"El cacao es un activo natural de gran interés cosmético debido a su composición rica en teobromina, polifenoles y minerales. Es un estimulante natural que mejora la microcirculación. Además, el aroma a cacao de los tratamientos de chocolaterapia evoca un estado de bienestar muy agradable y placentero. Los polifenoles que se encuentran en el cacao son unos potentes antioxidantes naturales capaces de captar y neutralizar los radicales libres, evitando así los daños en la piel ocasionados por el poder oxidativo de estos radicales. Los minerales más abundantes del cacao son el calcio, el potasio, magnesio, manganeso y zinc, todos ellos estrechamente implicados en el correcto funcionamiento celular, ya que son, en parte, elementos esenciales y oligoelementos necesarios para la vida celular.",25.00 EUR,https://anitapinturitas.es/assets/productos/cuidadoPiel/higiene9.png,https://anitapinturitas.es/html/producto.html?id=US-21112-09,in stock,new,Anita Pinturitas,Línea higiene personal
US-21112-10,JABÓN EXFOLIANTE CAPILAR - 300 g.,Jabón con sales Epson para la exfoliación y limpieza capilar.,15.00 EUR,https://anitapinturitas.es/assets/productos/cuidadoPiel/higiene9-1.png,https://anitapinturitas.es/html/producto.html?id=US-21112-10,in stock,new,Anita Pinturitas,Línea higiene personal
US-21112-11,JABÓN EXFOLIANTE CORPORAL - 300 g.,Jabón con sales Epson para la exfoliación y limpieza corporal.,15.00 EUR,https://anitapinturitas.es/assets/productos/cuidadoPiel/higiene10.jpg,https://anitapinturitas.es/html/producto.html?id=US-21112-11,in stock,new,Anita Pinturitas,Línea higiene personal
US-21112-12,JABÓN EXFOLIANTE PIES Y MANOS - 300 g.,Jabón con sales Epson para la exfoliación y limpieza de pies y manos.,15.00 EUR,https://anitapinturitas.es/assets/productos/cuidadoPiel/higiene11.png,https://anitapinturitas.es/html/producto.html?id=US-21112-12,in stock,new,Anita Pinturitas,Línea higiene personal
US-21112-13,HIGIENIZANTE DE MANOS - 500 ml.,"Gel altamente higienizante para las manos a base de alcohol. Idóneo para múltiples disciplinas como la estética, medicina, alimentación, comedores, etc. Tamaños disponibles: 2 ml., 75 ml., 150 ml, 500 ml., 1.000 ml y 5.000 ml. Con activos humectantes para evitar que las manos se sequen o cuarteen, dejando una sensación de hidratación perfecta.",15.00 EUR,https://anitapinturitas.es/assets/productos/cuidadoPiel/higiene12.jpg,https://anitapinturitas.es/html/producto.html?id=US-21112-13,in stock,new,Anita Pinturitas,Línea higiene personal
US-21112-14,JABÓN DE MANOS - 500 ml.,"Jabón muy suave con pH neutro que respeta el equilibrio de las manos. Formulado con activos hidratantes como el aloe vera y la betaina y extractos calmantes como la manzanilla. Limpia en profundidad sin resecar, aportando hidratación y suavidad. Indicado para todo tipo de pieles, especialmente pieles delicadas.",13.00 EUR,https://anitapinturitas.es/assets/productos/cuidadoPiel/higiene13.jpg,https://anitapinturitas.es/html/producto.html?id=US-21112-14,in stock,new,Anita Pinturitas,Línea higiene personal
US-21112-15,GEL DE DUCHA Y BAÑO CON ALOE VERA Y COCO - 500 ml.,"Gel muy suave con pH neutro que respeta el equilibrio de la piel. Con la máxima concentración de principios activos naturales y aloe vera. Indicado para todo tipo de pieles, especialmente pieles delicadas.",13.00 EUR,https://anitapinturitas.es/assets/productos/cuidadoPiel/higiene14.jpg,https://anitapinturitas.es/html/producto.html?id=US-21112-15,in stock,new,Anita Pinturitas,Línea higiene personal
US-21112-16,GEL DE DUCHA Y BAÑO ALOE VERA Y TÉ VERDE - 500 ml.,"Excelente gel corporal de ducha y baño, con pH neutro que respeta el equilibrio de la piel. Enriquecido con las magníficas propiedades del jugo de aloe vera proporciona hidratación y regeneración. Reforzado con extracto de té verde que combate el envejecimiento de la piel. Indicado para todo tipo de pieles, especialmente pieles delicadas.",13.00 EUR,https://anitapinturitas.es/assets/productos/cuidadoPiel/higiene15.jpg,https://anitapinturitas.es/html/producto.html?id=US-21112-16,in stock,new,Anita Pinturitas,Línea higiene personal
US-31110-01,GEL ÍNTIMO CON ÁRBOL DEL TÉ Y LAVANDA (Jabón líquido) - 200 ml.,"Gel de baño especial para proteger las zonas más íntimas de la mujer. Previene y calma las posibles irritaciones. Con activos que proporcionan sensación de frescura, manteniendo el pH estable en la zona.",15.00 EUR,https://anitapinturitas.es/assets/productos/cuidadoPiel/intima1.jpg,https://anitapinturitas.es/html/producto.html?id=US-31110-01,in stock,new,Anita Pinturitas,Línea íntima
US-31112-02,VELA DE MASAJE DULCE PECADO (Sinned Sweet) - 100 ml.,"Vela especial para masaje erótico, su fragancia especial aumenta la sensación de placer y sensualidad, su calidez acentúa el deseo sexual favoreciendo las relaciones. Contiene atrayente sexual que favorece la atracción y el deseo.",15.00 EUR,https://anitapinturitas.es/assets/productos/cuidadoPiel/intima2.jpg,https://anitapinturitas.es/html/producto.html?id=US-31112-02,in stock,new,Anita Pinturitas,Línea íntima
US-31112-03,VELA DE MASAJE CHOCOLATE - 100 ml.,"El masaje con el aceite natural de chocolate entre 37 y 40ºC, proporciona sensaciones de bienestar y placer corporal. El aroma de chocolate proporciona calma y tranquilidad. Fabricadas con cera de abeja y aceites nobles. No contiene parafina.",15.00 EUR,https://anitapinturitas.es/assets/productos/cuidadoPiel/intima3.jpg,https://anitapinturitas.es/html/producto.html?id=US-31112-03,in stock,new,Anita Pinturitas,Línea íntima
US-31112-04,VELA DE MASAJE FRESA - 100 ml.,"El masaje con el aceite natural con aroma a fresa entre 37 y 40ºC, proporciona sensaciones de bienestar y placer corporal. El aroma de fresa activa el deseo sensual facilitando relaciones más cálidas. Fabricadas con cera de abeja y aceites nobles. No contiene parafina.",15.00 EUR,https://anitapinturitas.es/assets/productos/cuidadoPiel/intima4.jpg,https://anitapinturitas.es/html/producto.html?id=US-31112-04,in stock,new,Anita Pinturitas,Línea íntima
US-31112-05,VELA DE MASAJE MANTECA DE KARITÉ - 100 ml.,"La manteca de karité posee un intenso poder hidratante para la piel, la protege de las agresiones externas como el Sol, frío, viento, etc. Nutre la piel en profundidad, evita la deshidratación, proporciona elasticidad y previene las estrías, grietas, descamaciones e irritaciones de la piel.",15.00 EUR,https://anitapinturitas.es/assets/productos/cuidadoPiel/intima5.jpg,https://anitapinturitas.es/html/producto.html?id=US-31112-05,in stock,new,Anita Pinturitas,Línea íntima
US-31112-06,ACEITE DE CHOCOLATE - 200 ml.,Aceite especial para masaje corporal con extracto puro de cacao y vitamina E.,19.00 EUR,https://anitapinturitas.es/assets/productos/cuidadoPiel/intima6.png,https://anitapinturitas.es/html/producto.html?id=US-31112-06,in stock,new,Anita Pinturitas,Línea íntima
US-31112-07,NATURALUBE - 90 ml.,Naturalube testado ginecológicamente te ayuda a conseguir bienestar íntimo al producir una sensación de hidratación y suavidad inmediata. Esto se debe a su composición base agua con ácido hialurónico que proporcionan humedad y elasticidad.,19.00 EUR,https://anitapinturitas.es/assets/productos/cuidadoPiel/intima7.png,https://anitapinturitas.es/html/producto.html?id=US-31112-07,in stock,new,Anita Pinturitas,Línea íntima
US-31112-08,NATURALUBE COOL - 90 ml.,Gel con efecto frío testado ginecológicamente. Formulado con menta y ácido hialurónico para producir una suave sensación de frescor y humedad.,19.00 EUR,https://anitapinturitas.es/assets/productos/cuidadoPiel/intima8.png,https://anitapinturitas.es/html/producto.html?id=US-31112-08,in stock,new,Anita Pinturitas,Línea íntima
US-33111-01,ADOLESCENT INTENSIVA (Crema facial)- 50 ml.,"Excelente crema intensiva para pieles acnéicas. Contiene la mayor concentración en aloe vera de máxima pureza y extractos vegetales. El aloe vera posee propiedades regenerantes, calmantes y antiacnéicas, reduce rápidamente los efectos visibles del acné y tiene un gran poder atenuante de las imperfecciones de la piel.",27.00 EUR,https://anitapinturitas.es/assets/productos/cuidadoPiel/adolescent1.jpg,https://anitapinturitas.es/html/producto.html?id=US-33111-01,in stock,new,Anita Pinturitas,Línea adolescent
US-33112-02,JABÓN FACIAL INTENSIVO - 150 ml.,Excelente jabón facial para pieles grasas o con acné. Prepara la piel para el tratamiento. El aloe vera posee propiedades reguladoras del exceso de grasa y la eufrasia calma la piel evitando la formación del acné. La manzanilla actúa como calmante.,18.00 EUR,https://anitapinturitas.es/assets/productos/cuidadoPiel/adolescent2.jpg,https://anitapinturitas.es/html/producto.html?id=US-33112-02,in stock,new,Anita Pinturitas,Línea adolescent
US-33112-03,LECHE LIMPIADORA INTENSIVA - 150 ml.,Leche limpiadora indicada para pieles grasas. Limpia la piel y regula el exceso de grasa. Con aloe vera y extractos de hamamelis y bardana.,17.00 EUR,https://anitapinturitas.es/assets/productos/cuidadoPiel/adolescent3.jpg,https://anitapinturitas.es/html/producto.html?id=US-33112-03,in stock,new,Anita Pinturitas,Línea adolescent
US-33112-04,TÓNICO FACIAL INTENSIVO - 150 ml.,"Tónico facial con extractos de hamamelis, salvia y bardana. Tonifica y prepara la piel para la aplicación de la crema facial. Indicado para pieles grasas.",17.00 EUR,https://anitapinturitas.es/assets/productos/cuidadoPiel/adolescent4.jpg,https://anitapinturitas.es/html/producto.html?id=US-33112-04,in stock,new,Anita Pinturitas,Línea adolescent
US-43111-01,PROTECTOR SOLAR 50 SPF (facial) COLOR - 60 g.,"Formulado con ingredientes 100% naturales, NATURNUA presenta una fórmula innovadora para su protector solar SPF 35 y SPF 50. Elaborado con una mezcla de filtros físicos que garantizan una protección segura frente al espectro UVA y UVB. Además, son muy resistentes al agua con la certificación de VERY WATER RESISTANT. Los filtros usados para la formulación son el óxido de zinc y el dióxido de titanio. Ambos son minerales naturales que, por su opacidad, actúan a modo de pantalla, bloqueando la absorción de la radiación solar e impidiendo que llegue a la piel. Por su naturaleza son capaces de reflejar y dispersar la luz, actuando de forma eficaz sobre la radiación solar. El protector solar SPF 35 y SPF 50 son unas cremas protectoras de origen mineral que no solo protege nuestra piel de las radiaciones solares, sino que, además, hidrata y repara la piel. Esto es debido a que incorpora en su formulación ingredientes como el aloe vera y aceite de aguacate que ayudan a reparar y mantener la piel hidratada. Su textura facilita la extensión y absorción del producto, dejando la piel sin brillos y sin grasa. Indicado para todo tipo de pieles.",22.00 EUR,https://anitapinturitas.es/assets/productos/cuidadoPiel/solar1.jpg,https://anitapinturitas.es/html/producto.html?id=US-43111-01,in stock,new,Anita Pinturitas,Línea solar
US-43112-02,PROTECTOR SOLAR 50 SPF (facial y corporal) - 150 g.,"Formulado con ingredientes 100% naturales, NATURNUA presenta una fórmula innovadora para su protector solar SPF 35 y SPF 50. Elaborado con una mezcla de filtros físicos que garantizan una protección segura frente al espectro UVA y UVB. Además, son muy resistentes al agua con la certificación de VERY WATER RESISTANT. Los filtros usados para la formulación son el óxido de zinc y el dióxido de titanio. Ambos son minerales naturales que, por su opacidad, actúan a modo de pantalla, bloqueando la absorción de la radiación solar e impidiendo que llegue a la piel. Por su naturaleza son capaces de reflejar y dispersar la luz, actuando de forma eficaz sobre la radiación solar. El protector solar SPF 35 y SPF 50 son unas cremas protectoras de origen mineral que no solo protege nuestra piel de las radiaciones solares, sino que, además, hidrata y repara la piel. Esto es debido a que incorpora en su formulación ingredientes como el aloe vera y aceite de aguacate que ayudan a reparar y mantener la piel hidratada. Su textura facilita la extensión y absorción del producto, dejando la piel sin brillos y sin grasa. Indicado para todo tipo de pieles.",33.00 EUR,https://anitapinturitas.es/assets/productos/cuidadoPiel/solar2.jpg,https://anitapinturitas.es/html/producto.html?id=US-43112-02,in stock,new,Anita Pinturitas,Línea solar
US-43112-03,PROTECTOR SOLAR 30 SPF (facial y corporal) - 150 g.,"Formulado con ingredientes 100% naturales, NATURNUA presenta una fórmula innovadora para su protector solar SPF 35 y SPF 50. Elaborado con una mezcla de filtros físicos que garantizan una protección segura frente al espectro UVA y UVB. Además, son muy resistentes al agua con la certificación de VERY WATER RESISTANT. Los filtros usados para la formulación son el óxido de zinc y el dióxido de titanio. Ambos son minerales naturales que, por su opacidad, actúan a modo de pantalla, bloqueando la absorción de la radiación solar e impidiendo que llegue a la piel. Por su naturaleza son capaces de reflejar y dispersar la luz, actuando de forma eficaz sobre la radiación solar. El protector solar SPF 35 y SPF 50 son unas cremas protectoras de origen mineral que no solo protege nuestra piel de las radiaciones solares, sino que, además, hidrata y repara la piel. Esto es debido a que incorpora en su formulación ingredientes como el aloe vera y aceite de aguacate que ayudan a reparar y mantener la piel hidratada. Su textura facilita la extensión y absorción del producto, dejando la piel sin brillos y sin grasa. Indicado para todo tipo de pieles.",31.00 EUR,https://anitapinturitas.es/assets/productos/cuidadoPiel/solar3.jpg,https://anitapinturitas.es/html/producto.html?id=US-43112-03,in stock,new,Anita Pinturitas,Línea solar
US-43112-04,ACEITE BRONCEADOR NATURAL - 200 ml.,Magnífico aceite bronceador con aceites naturales de aguacate y zanahoria. Ayuda a conseguir un bronceado intenso y duradero.,19.00 EUR,https://anitapinturitas.es/assets/productos/cuidadoPiel/solar4.jpg,https://anitapinturitas.es/html/producto.html?id=US-43112-04,in stock,new,Anita Pinturitas,Línea solar
US-43112-05,ACELERADOR DEL BRONCEADO (Rayos UVA) - 200 ml.,Excelente aceite para acelerar el bronceado de la piel en centros del bronceado. Produce un bronceado uniforme y no provoca manchas en la piel.,15.00 EUR,https://anitapinturitas.es/assets/productos/cuidadoPiel/solar5.jpg,https://anitapinturitas.es/html/producto.html?id=US-43112-05,in stock,new,Anita Pinturitas,Línea solar
US-51111-01,BALSAK TIBETHAN - 50 ml.,"Excelente bálsamo tibetano a base de aceite de hierbas naturales, aceites esenciales y ceras naturales. Indicado para toda clase de masajes musculares, lumbalgias, cervicales, dolores de espalda, dolores musculares, etc.",19.00 EUR,https://anitapinturitas.es/assets/productos/cuidadoPiel/masajista1.jpg,https://anitapinturitas.es/html/producto.html?id=US-51111-01,in stock,new,Anita Pinturitas,El rincón del masajista
US-5112-02,BALSAK TIBETHAN PLUS (pulverizable) - 100 ml.,"Excelente bálsamo a base de principios activos vegetales y silicio orgánico, actúa ayudando a tratar las molestias musculares y articulares. El silicio orgánico, unido a los activos vegetales, favorece la recuperación de problemas musculares.",23.00 EUR,https://anitapinturitas.es/assets/productos/cuidadoPiel/masajista2.jpg,https://anitapinturitas.es/html/producto.html?id=US-5112-02,in stock,new,Anita Pinturitas,El rincón del masajista
US-51112-03,NATURPIEL - 50 ml.,"Mezcla magistral de ceras naturales, aceites vegetales y aceites esenciales, especial para aliviar irritaciones, rozaduras, escoceduras, dermatitis, descamaciones, etc. Con caléndula, germen de arroz, rosa mosqueta, árnica, hipérico, aceite de oliva, vitamina E, aceite esencial de lavanda y romero.",19.00 EUR,https://anitapinturitas.es/assets/productos/cuidadoPiel/masajista3.jpg,https://anitapinturitas.es/html/producto.html?id=US-51112-03,in stock,new,Anita Pinturitas,El rincón del masajista
US-51112-04,"TINTURA DE TOMILLO, ROMERO Y ÁRNICA - 150 ml.","Tintura pura extraída con métodos tradicionales y artesanos. Indicada para friegas y para favorecer al terapeuta en el tratamiento de los problemas musculares, articulares, falta de tono muscular, etc.",19.00 EUR,https://anitapinturitas.es/assets/productos/cuidadoPiel/masajista4.png,https://anitapinturitas.es/html/producto.html?id=US-51112-04,in stock,new,Anita Pinturitas,El rincón del masajista
US-51112-05,HARPAGOFITO Y ALOE VERA - 200 ml.,"Excelente gel de harpagofito con aloe vera, de rápida absorción. El extracto de harpagofito es conocido por sus innumerables propiedades en los campos del masaje y la fisioterapia.",19.00 EUR,https://anitapinturitas.es/assets/productos/cuidadoPiel/masajista5.jpg,https://anitapinturitas.es/html/producto.html?id=US-51112-05,in stock,new,Anita Pinturitas,El rincón del masajista
US-51112-06,LINIMENTO TIBETANO (efecto calor) - 200 ml.,Excelente linimento efecto calor. Formulado especialmente para preparar el sistema muscular de los deportistas proporcionándoles un calor suave que facilita el precalentamiento para evitar posibles lesiones.,17.00 EUR,https://anitapinturitas.es/assets/productos/cuidadoPiel/masajista6.jpg,https://anitapinturitas.es/html/producto.html?id=US-51112-06,in stock,new,Anita Pinturitas,El rincón del masajista
US-51112-07,ACEITE PARA MASAJE RELAJANTE - 200 ml.,"Aceite especial para personas tensas, con stress y nerviosismo. Los aceites esenciales proporcionan calma y serenidad tanto a nivel cutáneo actuando sobre las terminaciones nerviosas como a nivel olfativo.",17.00 EUR,https://anitapinturitas.es/assets/productos/cuidadoPiel/masajista7.jpg,https://anitapinturitas.es/html/producto.html?id=US-51112-07,in stock,new,Anita Pinturitas,El rincón del masajista
US-51112-08,ACEITE PARA MASAJE DESCONTRACTURANTE - 200 ml.,"Sensacional aceite para masaje descontracturante, por su composición ayuda al profesional a descontracturar la musculatura tensa y contraída tanto por el trabajo como por el deporte. Especial para fisioterapeutas, masajistas, etc.",17.00 EUR,https://anitapinturitas.es/assets/productos/cuidadoPiel/masajista8.jpg,https://anitapinturitas.es/html/producto.html?id=US-51112-08,in stock,new,Anita Pinturitas,El rincón del masajista
US-51112-09,SALES DE BAÑO EPSON RELAJANTE (lavanda y rosa mosqueta) - 1 kg.,"Sales de baño Epson enriquecidas con aceite de rosa mosqueta, aceite esencial de lavanda y aceite de almendras dulces. Las sales de baño ricas en Magnesio, unido a los efectos hidratantes y nutritivos de los aceites, aportan una serie de efectos beneficiosos para la piel además de ser relajantes.",33.00 EUR,https://anitapinturitas.es/assets/productos/cuidadoPiel/masajista9.jpg,https://anitapinturitas.es/html/producto.html?id=US-51112-09,in stock,new,Anita Pinturitas,El rincón del masajista
US-51112-10,SALES DE BAÑO EPSON SPORT (Árnica y gaulteria) - 1 kg.,"Sales de baño Epson enriquecidas con aceite de árnica y aceite esencial de gaulteria. Sales ricas en Magnesio, unido a los efectos del árnica y la gaulteria potencian sus efectos beneficiosos para músculos y articulaciones. Recomendado para baños completos o parciales.",33.00 EUR,https://anitapinturitas.es/assets/productos/cuidadoPiel/masajista10.jpg,https://anitapinturitas.es/html/producto.html?id=US-51112-10,in stock,new,Anita Pinturitas,El rincón del masajista
hair_spray_termo_protector_30ml,SPRAY TERMO PROTECTOR PROFESIONAL SHIELDY STYLE.ME,Spray termoprotector enriquecido con aceite de argán que crea una película invisible para una protección total del cabello contra las altas temperaturas y la acción del calor. Facilita el planchado y proporciona una acción hidratante y anti-estática para un cabello más suave y luminoso.,14.90 EUR,https://anitapinturitas.es/assets/productos/cuidadoCapilar/spray-termoprotector.jpg,https://anitapinturitas.es/html/producto.html?id=hair_spray_termo_protector_30ml,in stock,new,Anita Pinturitas,Cuidado Capilar
hair_oil_revive_30ml,ACEITE REAVIVA CABELLO PROFESIONAL REVIVE STYLE.ME,"Aceite revitalizante con extracto de quinoa y orquídea que aporta suavidad y elasticidad al cabello. Colabora a la reparación de los cabellos secos y dañados, aportando brillo, sedosidad y un control perfecto del encrespamiento.",14.90 EUR,https://anitapinturitas.es/assets/productos/cuidadoCapilar/aceite-revitalizante.jpg,https://anitapinturitas.es/html/producto.html?id=hair_oil_revive_30ml,in stock,new,Anita Pinturitas,Cuidado Capilar
hair_powder_volume_rootlift,POLVO VOLUMINIZADOR PROFESIONAL DUSTY STYLE.ME,"Voluminizador en polvo ideal para aportar ese extra de volumen y textura al cabello. Destaca por su innovador dosificador, en formato pulsador, para mayor precisión a la hora de aplicar el producto en su cantidad justa. Aplicándolo sobre la raíz del cabello en seco, proporciona un efecto voluminizador instantáneo y de larga duración. Es ideal para texturizar, dar forma y cardar el cabello. Si se aplica en poca cantidad, también puede actuar como champú en seco al eliminar aceites grasos del cabello.",22.90 EUR,https://anitapinturitas.es/assets/productos/cuidadoCapilar/polvo-volumen.jpg,https://anitapinturitas.es/html/producto.html?id=hair_powder_volume_rootlift,in stock,new,Anita Pinturitas,Cuidado Capilar
hair_laca_fijacion_flexible,LACA FUERTE PROFESIONAL SEXY STYLE.ME,"Laca de fijación fuerte y de larga duración, perfecta para aportar volumen a esos peinados que necesitan mantenerse intactos durante todo el día. Protege el cabello de la humedad y lo acondiciona para un peinado natural e intenso.",14.90 EUR,https://anitapinturitas.es/assets/productos/cuidadoCapilar/laca-fijacion.jpg,https://anitapinturitas.es/html/producto.html?id=hair_laca_fijacion_flexible,in stock,new,Anita Pinturitas,Cuidado Capilar
hair_shampoo_fortificante_250ml,Mascarilla Anti-Yellow Style.me,"Repara y fortalece el cabello dañado. Para evitar la desnutrición que causaría perder los lípidos naturales del cabello, Termix ha desarrollado la nueva mascarilla Repair.Me, ideal para cabellos dañados, ya que gracias a su fórmula sin sulfatos ni siliconas repara la fibra capilar y lo mantiene hidratado. Enriquecida con manteca de Karité, Aloe Vera y aceite de Marula, además de un 84% de principios activos naturales, la mascarilla fortalece las fibras capilares, regenera el cabello, y le da un aspecto más bonito y saludable. Combínala con el champú Repair.Me para conseguir una melena más suave, brillante y protegida.",16.00 EUR,https://anitapinturitas.es/assets/productos/cuidadoCapilar/champu-fortificante.jpg,https://anitapinturitas.es/html/producto.html?id=hair_shampoo_fortificante_250ml,in stock,new,Anita Pinturitas,Cuidado Capilar
hair_shampoo_color_250ml,Mascarilla Nutritiva Nutri.me Style.me,"Para un cabello sano y nutrido. La mascarilla Nutri.Me es ideal para cabellos quebradizos, sin elasticidad y sin brillo ya que gracias su fórmula vegana, 100% libre de SLES, parabenos y siliconas deja el pelo nutrido y revitaliza la fibra capilar aportando movimiento de raíz a puntas. Con una textura fundente, tiene propiedades altamente nutritivas y protectoras. Contiene un 85% de ingredientes naturales como la manteca de Karité, el Aloe Vera y el aceite de Marula reestructura la fibra capilar y proporciona una nutrición intensa sin apelmazar el cabello, restaurando además su brillo.",16.00 EUR,https://anitapinturitas.es/assets/productos/cuidadoCapilar/champu-color.jpg,https://anitapinturitas.es/html/producto.html?id=hair_shampoo_color_250ml,in stock,new,Anita Pinturitas,Cuidado Capilar
hair_shampoo_antiedad_250ml,Champú Antiyellow.Me Style.Me,"Reaviva y transforma el tono del cabello. Termix presenta su primera línea de champús y mascarillas veganas AntiYellow.Me de Style.Me para cabellos rubios, decolorados o con canas formulada para neutralizar los tonos subyacentes amarillos no deseados. Gracias a su fórmula natural, libre de SLES, y enriquecida con Aloe Vera, Aceite de Marula y pigmentos violetas, mantiene el rubio frío neutralizando los tonos subyacentes cálidos, previniendo la pérdida de color y realzando su intensidad. Compuesto por un 88% de ingredientes de origen natural, el champú AntiYellow.Me está enriquecida con ingredientes como el Aloe Vera, el aceite de Marula y pigmentos violetas para limpiar con suavidad las impurezas del cuero cabelludo y eliminar de forma instantánea los tonos subyacentes amarillos no deseados.",13.00 EUR,https://anitapinturitas.es/assets/productos/cuidadoCapilar/champu-antiedad.jpg,https://anitapinturitas.es/html/producto.html?id=hair_shampoo_antiedad_250ml,in stock,new,Anita Pinturitas,Cuidado Capilar
hair_mascarilla_reparadora_200ml,Champú nutritivo Nutri.Me Style.Me,"Cuidado desde la raíz hasta las puntas. Dale a tu cabello una dosis de fuerza, suavidad y vitalidad con el champú Nutri.Me, que nutre profundamente la fibra capilar desde el interior a la vez que previene la rotura del cabello y las puntas abiertas. Compuesto por un 88% de ingredientes de origen natural, su fórmula nutritiva a base de Aloe Vera, aceite de Marula y Provitamina B5, elimina el encrespamiento y aporta la nutrición que el cabello necesita a la vez que elimina con suavidad las impurezas del cuero cabelludo.",13.00 EUR,https://anitapinturitas.es/assets/productos/cuidadoCapilar/mascarilla-reparadora.jpg,https://anitapinturitas.es/html/producto.html?id=hair_mascarilla_reparadora_200ml,in stock,new,Anita Pinturitas,Cuidado Capilar
hair_mascarilla_hidratante_200ml,Champú reparador Repair.Me Style.Me,"¿List@ para revivir tu melena? Termix presenta su primera línea de champús veganos Repair.Me de Style.Me con tecnología natural que repara y fortalece el cabello dañado. Con un 88% de principios activos naturales, su fórmula sin SLES está enriquecida con Aloe Vera y Aceite de Marula para regenerar el cabello, revitalizarlo y devolverle un aspecto saludable y brillante. Diseñado para cabellos secos y dañados, limpia en profundidad el cuero cabelludo a la vez que restaura los cabellos más dañados. ¡Devuélvele la vida a tu cabello!",13.00 EUR,https://anitapinturitas.es/assets/productos/cuidadoCapilar/mascarilla-hidratante.jpg,https://anitapinturitas.es/html/producto.html?id=hair_mascarilla_hidratante_200ml,in stock,new,Anita Pinturitas,Cuidado Capilar
hair_mascarilla_brillo_150ml,Mascarilla reparadora Repair.me Style.me,"Repara y fortalece el cabello dañado.Para evitar la desnutrición que causaría perder los lípidos naturales del cabello, Termix ha desarrollado la nueva mascarilla Repair.Me, ideal para cabellos dañados, ya que gracias a su fórmula sin sulfatos ni siliconas repara la fibra capilar y lo mantiene hidratado. Enriquecida con manteca de Karité, Aloe Vera y aceite de Marula, además de un 84% de principios activos naturales, la mascarilla fortalece las fibras capilares, regenera el cabello, y le da un aspecto más bonito y saludable. Combínala con el champú Repair.Me para conseguir una melena más suave, brillante y protegida.",16.00 EUR,https://anitapinturitas.es/assets/productos/cuidadoCapilar/mascarilla-brillo.jpg,https://anitapinturitas.es/html/producto.html?id=hair_mascarilla_brillo_150ml,in stock,new,Anita Pinturitas,Cuidado Capilar